Workbook

Sheet HBM Channels
A1: config_label | B1: kind | C1: engine_shape | D1: engines | E1: lanes_total | F1: weights_ch | G1: indices_ch | H1: activation_ch | I1: output_ch | J1: total_ch | K1: unused_ch | L1: uses_second_stack | M1: saved_by_sharing | N1: shared_twin_of | O1: engine_dsp | P1: build_dsp | Q1: dsp_pct | R1: dsp_source | S1: clock_mhz | T1: status
A2: 4x4 (6 ch) | B2: single engine | C2: 4x4 | D2: 1 | E2: 16 | F2: 2 | G2: 1 | H2: 2 | I2: 1 | J2: 6 | K2: 26 | L2: no | M2: 0 | O2: 128 | P2: 132 | Q2: 1.46 | R2: measured (routed utilization report) | S2: 400 | T2: built and measured
A3: 8x4 (10 ch) | B3: single engine | C3: 8x4 | D3: 1 | E3: 32 | F3: 4 | G3: 2 | H3: 2 | I3: 2 | J3: 10 | K3: 22 | L3: no | M3: 0 | O3: 256 | P3: 260 | Q3: 2.88 | R3: measured (routed utilization report) | S3: 375 | T3: built and measured
A4: 2 x 4x4 (12 ch) | B4: multi-tenant, own vector channels | C4: 4x4 | D4: 2 | E4: 32 | F4: 4 | G4: 2 | H4: 4 | I4: 2 | J4: 12 | K4: 20 | L4: no | M4: 0 | O4: 256 | P4: 260 | Q4: 2.88 | R4: measured (routed utilization report) | S4: 394 | T4: built and measured
A5: 16x3 (13 ch) | B5: single engine | C5: 16x3 | D5: 1 | E5: 48 | F5: 6 | G5: 2 | H5: 2 | I5: 3 | J5: 13 | K5: 19 | L5: no | M5: 0 | O5: 384 | P5: 388 | Q5: 4.3 | R5: measured (routed utilization report) | S5: 350 | T5: built and measured
A6: 3 x 4x4 shared (14 ch) | B6: multi-tenant, shared vector channels | C6: 4x4 | D6: 3 | E6: 48 | F6: 6 | G6: 3 | H6: 2 | I6: 3 | J6: 14 | K6: 18 | L6: no | M6: 4 | N6: 3 x 4x4 (18 ch) | O6: 384 | P6: 388 | Q6: 4.3 | R6: formula: 8 per lane x lanes + 4 platform (not built yet) | T6: to build
A7: 3 x 4x4 (18 ch) | B7: multi-tenant, own vector channels | C7: 4x4 | D7: 3 | E7: 48 | F7: 6 | G7: 3 | H7: 6 | I7: 3 | J7: 18 | K7: 14 | L7: yes | M7: 0 | O7: 384 | P7: 388 | Q7: 4.3 | R7: measured (routed utilization report) | S7: 399 | T7: built and measured
A8: 8x8 (17 ch) | B8: single engine | C8: 8x8 | D8: 1 | E8: 64 | F8: 8 | G8: 3 | H8: 2 | I8: 4 | J8: 17 | K8: 15 | L8: yes | M8: 0 | O8: 512 | P8: 516 | Q8: 5.72 | R8: measured (routed utilization report) | S8: 325 | T8: built and measured
A9: 2 x 8x4 (20 ch) | B9: multi-tenant, own vector channels | C9: 8x4 | D9: 2 | E9: 64 | F9: 8 | G9: 4 | H9: 4 | I9: 4 | J9: 20 | K9: 12 | L9: yes | M9: 0 | O9: 512 | P9: 516 | Q9: 5.72 | R9: measured (routed utilization report) | S9: 361 | T9: built and measured
A10: 4 x 4x4 (24 ch) | B10: multi-tenant, own vector channels | C10: 4x4 | D10: 4 | E10: 64 | F10: 8 | G10: 4 | H10: 8 | I10: 4 | J10: 24 | K10: 8 | L10: yes | M10: 0 | O10: 512 | P10: 516 | Q10: 5.72 | R10: measured (routed utilization report) | S10: 374 | T10: built and measured
A11: 5 x 4x4 (30 ch) | B11: multi-tenant, own vector channels | C11: 4x4 | D11: 5 | E11: 80 | F11: 10 | G11: 5 | H11: 10 | I11: 5 | J11: 30 | K11: 2 | L11: yes | M11: 0 | O11: 640 | P11: 644 | Q11: 7.14 | R11: measured (routed utilization report) | S11: 329 | T11: built and measured
A12: 4x24 (24 ch) | B12: single engine | C12: 4x24 | D12: 1 | E12: 96 | F12: 12 | G12: 4 | H12: 2 | I12: 6 | J12: 24 | K12: 8 | L12: yes | M12: 0 | O12: 768 | P12: 772 | Q12: 8.55 | R12: measured (routed utilization report) | S12: 300 | T12: built and measured
A13: 2 x 16x3 shared (24 ch) | B13: multi-tenant, shared vector channels | C13: 16x3 | D13: 2 | E13: 96 | F13: 12 | G13: 4 | H13: 2 | I13: 6 | J13: 24 | K13: 8 | L13: yes | M13: 2 | N13: 2 x 16x3 (26 ch) | O13: 768 | P13: 772 | Q13: 8.55 | R13: formula: 8 per lane x lanes + 4 platform (not built yet) | T13: to build
A14: 6 x 4x4 shared (26 ch) | B14: multi-tenant, shared vector channels | C14: 4x4 | D14: 6 | E14: 96 | F14: 12 | G14: 6 | H14: 2 | I14: 6 | J14: 26 | K14: 6 | L14: yes | M14: 10 | O14: 768 | P14: 772 | Q14: 8.55 | R14: formula: 8 per lane x lanes + 4 platform (not built yet) | T14: to build
A15: 3 x 8x4 shared (26 ch) | B15: multi-tenant, shared vector channels | C15: 8x4 | D15: 3 | E15: 96 | F15: 12 | G15: 6 | H15: 2 | I15: 6 | J15: 26 | K15: 6 | L15: yes | M15: 4 | N15: 3 x 8x4 (30 ch) | O15: 768 | P15: 772 | Q15: 8.55 | R15: formula: 8 per lane x lanes + 4 platform (not built yet) | T15: to build
A16: 2 x 16x3 (26 ch) | B16: multi-tenant, own vector channels | C16: 16x3 | D16: 2 | E16: 96 | F16: 12 | G16: 4 | H16: 4 | I16: 6 | J16: 26 | K16: 6 | L16: yes | M16: 0 | O16: 768 | P16: 772 | Q16: 8.55 | R16: measured (routed utilization report) | S16: 341 | T16: built and measured
A17: 3 x 8x4 (30 ch) | B17: multi-tenant, own vector channels | C17: 8x4 | D17: 3 | E17: 96 | F17: 12 | G17: 6 | H17: 6 | I17: 6 | J17: 30 | K17: 2 | L17: yes | M17: 0 | O17: 768 | P17: 772 | Q17: 8.55 | R17: measured (routed utilization report) | S17: 354 | T17: built and measured
A18: 7 x 4x4 shared (30 ch) | B18: multi-tenant, shared vector channels | C18: 4x4 | D18: 7 | E18: 112 | F18: 14 | G18: 7 | H18: 2 | I18: 7 | J18: 30 | K18: 2 | L18: yes | M18: 12 | O18: 896 | P18: 900 | Q18: 9.97 | R18: formula: 8 per lane x lanes + 4 platform (not built yet) | T18: to build
A19: 4x32 (32 ch) | B19: single engine | C19: 4x32 | D19: 1 | E19: 128 | F19: 16 | G19: 6 | H19: 2 | I19: 8 | J19: 32 | K19: 0 | L19: yes | M19: 0 | O19: 1024 | P19: 1028 | Q19: 11.39 | R19: measured (routed utilization report) | S19: 250 | T19: built and measured
A20: 2 x 8x8 shared (32 ch) | B20: multi-tenant, shared vector channels | C20: 8x8 | D20: 2 | E20: 128 | F20: 16 | G20: 6 | H20: 2 | I20: 8 | J20: 32 | K20: 0 | L20: yes | M20: 2 | O20: 1024 | P20: 1028 | Q20: 11.39 | R20: formula: 8 per lane x lanes + 4 platform (not built yet) | T20: to build

Sheet Workload
A1: config_label | B1: engine_ms_single | C1: overhead_ms_single | D1: engine_ms_multi | E1: overhead_ms_multi | F1: static_mJ_single | G1: dynamic_mJ_single | H1: static_mJ_multi | I1: dynamic_mJ_multi | J1: wall_gmac_s_single | K1: wall_gmac_s_multi | L1: engine_gmac_s_single | M1: engine_gmac_s_multi | N1: nj_per_mac_single | O1: nj_per_mac_multi | P1: kind | Q1: configuration | R1: engine_shape | S1: tenants | T1: hbm_channels | U1: lanes_total | V1: clock_mhz | W1: matrices | X1: useful_macs | Y1: padded_macs | Z1: padding_pct | AA1: calcs_per_tenant | AB1: efficiency_pct | AC1: predicted_us | AD1: engine_us | AE1: active_sum_us | AF1: wall_pass_us | AG1: overhead_us | AH1: overhead_pct | AI1: wall_gmac_s | AJ1: engine_gmac_s | AK1: board_load_W | AL1: board_idle_W | AM1: dynamic_W | AN1: energy_pass_mJ | AO1: static_mJ | AP1: dynamic_mJ | AQ1: nj_per_mac_wall | AR1: fullrate_load_W | AS1: nj_per_mac_launch_free | AT1: finish_balance | AU1: balance_planned | AV1: timed_passes | AW1: soak_passes | AX1: soak_s | AY1: source | AZ1: estimator
A2: 4x4 (6 ch) | B2: 15.556 | C2: 1.662 | F2: 439.27 | G2: 27.46 | J2: 11.358 | L2: 12.572 | N2: 2.3866 | P2: single engine | Q2: one 4x4 engine | R2: 4x4 | S2: 1 | T2: 6 | U2: 16 | V2: 400 | W2: 132 | X2: 195563520 | Y2: 195563520 | Z2: 0 | AA2: 7 | AB2: 98.55 | AC2: 15330.2 | AD2: 15555.8 | AE2: 15884.6 | AF2: 17218.1 | AG2: 1662.3 | AH2: 9.65 | AI2: 11.358 | AJ2: 12.572 | AK2: 27.107 | AL2: 25.512 | AM2: 1.595 | AN2: 466.73 | AO2: 439.27 | AP2: 27.46 | AQ2: 2.3866 | AR2: 27.332 | AS2: 2.1741 | AT2: 1 | AU2: 1 | AV2: 3 | AW2: 3485 | AX2: 60.01 | AY2: workload/workload_4x4_400MHz.csv | AZ2: wall time, energy: measured (60 s soak of whole passes, board power); engine time: plan cycles / clock / measured steady-state efficiency (Configurations pct_of_peak); overhead = wall - engine
A3: 8x4 (10 ch) | B3: 8.275 | C3: 2.339 | F3: 280.72 | G3: 34.24 | J3: 18.426 | L3: 23.634 | N3: 1.6106 | P3: single engine | Q3: one 8x4 engine | R3: 8x4 | S3: 1 | T3: 10 | U3: 32 | V3: 375 | W3: 132 | X3: 195563520 | Y3: 195563520 | Z3: 0 | AA3: 7 | AB3: 98.81 | AC3: 8176.1 | AD3: 8274.6 | AE3: 9062 | AF3: 10613.7 | AG3: 2339.1 | AH3: 22.04 | AI3: 18.426 | AJ3: 23.634 | AK3: 29.675 | AL3: 26.449 | AM3: 3.226 | AN3: 314.96 | AO3: 280.72 | AP3: 34.24 | AQ3: 1.6106 | AR3: 29.79 | AS3: 1.2605 | AT3: 1 | AU3: 1 | AV3: 3 | AW3: 5654 | AX3: 60.01 | AY3: workload/workload_8x4_375MHz.csv | AZ3: wall time, energy: measured (60 s soak of whole passes, board power); engine time: plan cycles / clock / measured steady-state efficiency (Configurations pct_of_peak); overhead = wall - engine
A4: 2 x 4x4 (12 ch) | D4: 7.85 | E4: 1.82 | H4: 258.91 | I4: 33 | K4: 20.222 | M4: 24.912 | O4: 1.4927 | P4: multi-tenant | Q4: 2 x 4x4 tenants | R4: 4x4 | S4: 2 | T4: 12 | U4: 32 | V4: 394 | W4: 132 | X4: 195563520 | Y4: 195563520 | Z4: 0 | AA4: 7/7 | AB4: 99.13 | AC4: 7781.9 | AD4: 7850.2 | AE4: 8589.9 | AF4: 9670.7 | AG4: 1820.5 | AH4: 18.82 | AI4: 20.222 | AJ4: 24.912 | AK4: 30.185 | AL4: 26.773 | AM4: 3.412 | AN4: 291.91 | AO4: 258.91 | AP4: 33 | AQ4: 1.4927 | AR4: 30.744 | AS4: 1.2341 | AT4: 0.9885 | AU4: 1 | AV4: 3 | AW4: 6205 | AX4: 60.01 | AY4: workload/workload_2x4x4_394MHz.csv | AZ4: wall time, energy: measured (60 s soak of whole passes, board power); engine time: plan cycles / clock / measured steady-state efficiency (Configurations pct_of_peak); overhead = wall - engine
A5: 16x3 (13 ch) | B5: 5.974 | C5: 2.693 | F5: 235.92 | G5: 24.54 | J5: 22.564 | L5: 32.737 | N5: 1.3318 | P5: single engine | Q5: one 16x3 engine | R5: 16x3 | S5: 1 | T5: 13 | U5: 48 | V5: 350 | W5: 132 | X5: 195563520 | Y5: 197061120 | Z5: 0.76 | AA5: 7 | AB5: 98.51 | AC5: 5884.8 | AD5: 5973.8 | AE5: 6951.2 | AF5: 8667.1 | AG5: 2693.3 | AH5: 31.07 | AI5: 22.564 | AJ5: 32.737 | AK5: 30.051 | AL5: 27.22 | AM5: 2.831 | AN5: 260.46 | AO5: 235.92 | AP5: 24.54 | AQ5: 1.3318 | AR5: 32.235 | AS5: 0.9847 | AT5: 1 | AU5: 1 | AV5: 3 | AW5: 6923 | AX5: 60 | AY5: workload/workload_16x3_350MHz.csv | AZ5: wall time, energy: measured (60 s soak of whole passes, board power); engine time: plan cycles / clock / measured steady-state efficiency (Configurations pct_of_peak); overhead = wall - engine
A6: 8x8 (17 ch) | B6: 4.771 | C6: 3.447 | F6: 249.96 | G6: 33.23 | J6: 23.796 | L6: 40.987 | N6: 1.4481 | P6: single engine | Q6: one 8x8 engine | R6: 8x8 | S6: 1 | T6: 17 | U6: 64 | V6: 325 | W6: 132 | X6: 195563520 | Y6: 195563520 | Z6: 0 | AA6: 7 | AB6: 98.86 | AC6: 4717 | AD6: 4771.4 | AE6: 6135.1 | AF6: 8218.2 | AG6: 3446.8 | AH6: 41.94 | AI6: 23.796 | AJ6: 40.987 | AK6: 34.46 | AL6: 30.416 | AM6: 4.044 | AN6: 283.2 | AO6: 249.96 | AP6: 33.23 | AQ6: 1.4481 | AR6: 36.286 | AS6: 0.8853 | AT6: 1 | AU6: 1 | AV6: 3 | AW6: 7301 | AX6: 60 | AY6: workload/workload_8x8_325MHz.csv | AZ6: wall time, energy: measured (60 s soak of whole passes, board power); engine time: plan cycles / clock / measured steady-state efficiency (Configurations pct_of_peak); overhead = wall - engine
A7: 3 x 4x4 (18 ch) | D7: 5.175 | E7: 2.64 | H7: 243.5 | I7: 32.34 | K7: 25.025 | M7: 37.789 | O7: 1.4105 | P7: multi-tenant | Q7: 3 x 4x4 tenants | R7: 4x4 | S7: 3 | T7: 18 | U7: 48 | V7: 399 | W7: 132 | X7: 195563520 | Y7: 195563520 | Z7: 0 | AA7: 7/7/7 | AB7: 98.99 | AC7: 5122.9 | AD7: 5175.2 | AE7: 6367 | AF7: 7814.8 | AG7: 2639.6 | AH7: 33.78 | AI7: 25.025 | AJ7: 37.789 | AK7: 35.297 | AL7: 31.159 | AM7: 4.138 | AN7: 275.84 | AO7: 243.5 | AP7: 32.34 | AQ7: 1.4105 | AR7: 37.179 | AS7: 0.9839 | AT7: 0.9921 | AU7: 1 | AV7: 3 | AW7: 7678 | AX7: 60 | AY7: workload/workload_3x4x4_399MHz.csv | AZ7: wall time, energy: measured (60 s soak of whole passes, board power); engine time: plan cycles / clock / measured steady-state efficiency (Configurations pct_of_peak); overhead = wall - engine
A8: 2 x 8x4 (20 ch) | D8: 4.304 | E8: 2.725 | H8: 224.87 | I8: 30.45 | K8: 27.819 | M8: 45.434 | O8: 1.3056 | P8: multi-tenant | Q8: 2 x 8x4 tenants | R8: 8x4 | S8: 2 | T8: 20 | U8: 64 | V8: 361 | W8: 132 | X8: 195563520 | Y8: 195563520 | Z8: 0 | AA8: 7/7 | AB8: 98.66 | AC8: 4246.6 | AD8: 4304.3 | AE8: 5487.5 | AF8: 7029.8 | AG8: 2725.5 | AH8: 38.77 | AI8: 27.819 | AJ8: 45.434 | AK8: 36.32 | AL8: 31.988 | AM8: 4.332 | AN8: 255.32 | AO8: 224.87 | AP8: 30.45 | AQ8: 1.3056 | AR8: 38.233 | AS8: 0.8415 | AT8: 0.9886 | AU8: 1 | AV8: 3 | AW8: 8536 | AX8: 60.01 | AY8: workload/workload_2x8x4_361MHz.csv | AZ8: wall time, energy: measured (60 s soak of whole passes, board power); engine time: plan cycles / clock / measured steady-state efficiency (Configurations pct_of_peak); overhead = wall - engine
A9: 4x24 (24 ch) | B9: 3.498 | C9: 4.729 | F9: 264.93 | G9: 19.69 | J9: 23.772 | L9: 55.909 | N9: 1.4553 | P9: single engine | Q9: one 4x24 engine | R9: 4x24 | S9: 1 | T9: 24 | U9: 96 | V9: 300 | W9: 132 | X9: 195563520 | Y9: 198789120 | Z9: 1.623 | AA9: 7 | AB9: 99 | AC9: 3462.9 | AD9: 3497.9 | AE9: 5395.4 | AF9: 8226.8 | AG9: 4728.9 | AH9: 57.48 | AI9: 23.772 | AJ9: 55.909 | AK9: 34.596 | AL9: 32.203 | AM9: 2.393 | AN9: 284.61 | AO9: 264.93 | AP9: 19.69 | AQ9: 1.4553 | AR9: 40.43 | AS9: 0.7231 | AT9: 1 | AU9: 1 | AV9: 3 | AW9: 7294 | AX9: 60.01 | AY9: workload/workload_4x24_300MHz.csv | AZ9: wall time, energy: measured (60 s soak of whole passes, board power); engine time: plan cycles / clock / measured steady-state efficiency (Configurations pct_of_peak); overhead = wall - engine
A10: 4 x 4x4 (24 ch) | D10: 4.143 | E10: 2.674 | H10: 222.67 | I10: 28.95 | K10: 28.689 | M10: 47.203 | O10: 1.2867 | P10: multi-tenant | Q10: 4 x 4x4 tenants | R10: 4x4 | S10: 4 | T10: 24 | U10: 64 | V10: 374 | W10: 132 | X10: 195563520 | Y10: 195563520 | Z10: 0 | AA10: 7/7/7/7 | AB10: 98.95 | AC10: 4099.6 | AD10: 4143.1 | AE10: 5623.2 | AF10: 6816.7 | AG10: 2673.6 | AH10: 39.22 | AI10: 28.689 | AJ10: 47.203 | AK10: 36.913 | AL10: 32.666 | AM10: 4.247 | AN10: 251.62 | AO10: 222.67 | AP10: 28.95 | AQ10: 1.2867 | AR10: 40.345 | AS10: 0.8547 | AT10: 0.9629 | AU10: 0.9997 | AV10: 3 | AW10: 8802 | AX10: 60 | AY10: workload/workload_4x4x4_374MHz.csv | AZ10: wall time, energy: measured (60 s soak of whole passes, board power); engine time: plan cycles / clock / measured steady-state efficiency (Configurations pct_of_peak); overhead = wall - engine
A11: 2 x 16x3 (26 ch) | D11: 3.059 | E11: 3.711 | H11: 229.4 | I11: 30.94 | K11: 28.888 | M11: 63.93 | O11: 1.3312 | P11: multi-tenant | Q11: 2 x 16x3 tenants | R11: 16x3 | S11: 2 | T11: 26 | U11: 96 | V11: 341 | W11: 132 | X11: 195563520 | Y11: 197061120 | Z11: 0.76 | AA11: 7/7 | AB11: 98.73 | AC11: 3020.2 | AD11: 3059 | AE11: 4766.7 | AF11: 6769.7 | AG11: 3710.7 | AH11: 54.81 | AI11: 28.888 | AJ11: 63.93 | AK11: 38.457 | AL11: 33.887 | AM11: 4.57 | AN11: 260.34 | AO11: 229.4 | AP11: 30.94 | AQ11: 1.3312 | AR11: 42.468 | AS11: 0.6643 | AT11: 0.9971 | AU11: 0.9999 | AV11: 3 | AW11: 8864 | AX11: 60.01 | AY11: workload/workload_2x16x3_341MHz.csv | AZ11: wall time, energy: measured (60 s soak of whole passes, board power); engine time: plan cycles / clock / measured steady-state efficiency (Configurations pct_of_peak); overhead = wall - engine
A12: 5 x 4x4 (30 ch) | D12: 3.794 | E12: 3.083 | H12: 232.29 | I12: 31.47 | K12: 28.435 | M12: 51.54 | O12: 1.3487 | P12: multi-tenant | Q12: 5 x 4x4 tenants | R12: 4x4 | S12: 5 | T12: 30 | U12: 80 | V12: 329 | W12: 132 | X12: 195563520 | Y12: 195563520 | Z12: 0 | AA12: 7/7/7/7/7 | AB12: 98.25 | AC12: 3728 | AD12: 3794.4 | AE12: 5617.3 | AF12: 6877.5 | AG12: 3083.1 | AH12: 44.83 | AI12: 28.435 | AJ12: 51.54 | AK12: 38.352 | AL12: 33.776 | AM12: 4.576 | AN12: 263.77 | AO12: 232.29 | AP12: 31.47 | AQ12: 1.3487 | AR12: 42.187 | AS12: 0.8185 | AT12: 0.9679 | AU12: 0.9997 | AV12: 3 | AW12: 8725 | AX12: 60.01 | AY12: workload/workload_5x4x4_329MHz.csv | AZ12: wall time, energy: measured (60 s soak of whole passes, board power); engine time: plan cycles / clock / measured steady-state efficiency (Configurations pct_of_peak); overhead = wall - engine
A13: 3 x 8x4 (30 ch) | D13: 2.938 | E13: 4.097 | H13: 242.75 | I13: 32.45 | K13: 27.798 | M13: 66.566 | O13: 1.4072 | P13: multi-tenant | Q13: 3 x 8x4 tenants | R13: 8x4 | S13: 3 | T13: 30 | U13: 96 | V13: 354 | W13: 132 | X13: 195563520 | Y13: 195563520 | Z13: 0 | AA13: 7/7/7 | AB13: 98.27 | AC13: 2887.1 | AD13: 2937.9 | AE13: 5134.6 | AF13: 7035.1 | AG13: 4097.2 | AH13: 58.24 | AI13: 27.798 | AJ13: 66.566 | AK13: 39.118 | AL13: 34.506 | AM13: 4.612 | AN13: 275.2 | AO13: 242.75 | AP13: 32.45 | AQ13: 1.4072 | AR13: 43.516 | AS13: 0.6537 | AT13: 0.9974 | AU13: 1 | AV13: 3 | AW13: 8529 | AX13: 60 | AY13: workload/workload_3x8x4_354MHz.csv | AZ13: wall time, energy: measured (60 s soak of whole passes, board power); engine time: plan cycles / clock / measured steady-state efficiency (Configurations pct_of_peak); overhead = wall - engine
A14: 4x32 (32 ch) | B14: 3.084 | C14: 6.565 | F14: 319.37 | G14: 22.88 | J14: 20.269 | L14: 63.42 | N14: 1.7501 | P14: single engine | Q14: one 4x32 engine | R14: 4x32 | S14: 1 | T14: 32 | U14: 128 | V14: 250 | W14: 132 | X14: 195563520 | Y14: 195563520 | Z14: 0 | AA14: 7 | AB14: 99.43 | AC14: 3066 | AD14: 3083.6 | AE14: 5612.3 | AF14: 9648.5 | AG14: 6564.9 | AH14: 68.04 | AI14: 20.269 | AJ14: 63.42 | AK14: 35.472 | AL14: 33.101 | AM14: 2.371 | AN14: 342.25 | AO14: 319.37 | AP14: 22.88 | AQ14: 1.7501 | AR14: 42.271 | AS14: 0.6665 | AT14: 1 | AU14: 1 | AV14: 3 | AW14: 6219 | AX14: 60 | AY14: workload/workload_4x32_250MHz.csv | AZ14: wall time, energy: measured (60 s soak of whole passes, board power); engine time: plan cycles / clock / measured steady-state efficiency (Configurations pct_of_peak); overhead = wall - engine

Sheet Configurations
A1: config_label | B1: gmac_s_single | C1: gmac_s_multi | D1: static_nJ_per_MAC_single | E1: dynamic_nJ_per_MAC_single | F1: static_nJ_per_MAC_multi | G1: dynamic_nJ_per_MAC_multi | H1: clock_mhz_single | I1: clock_mhz_multi | J1: gmac_s_per_channel_single | K1: gmac_s_per_channel_multi | L1: kind | M1: configuration | N1: engine_shape | O1: tenants | P1: hbm_channels | Q1: lanes_total | R1: macs_per_cycle | S1: clock_mhz | T1: gmac_s | U1: pct_of_peak | V1: gmac_s_per_channel | W1: energy_total_nJ_per_MAC | X1: board_load_W | Y1: board_idle_W | Z1: floorplan | AA1: status | AB1: source | AC1: estimator
A2: 4x4 (6 ch) | B2: 12.615 | D2: 1.9997 | E2: 0.1669 | H2: 400 | J2: 2.1025 | L2: single engine | M2: one 4x4 engine | N2: 4x4 | O2: 1 | P2: 6 | Q2: 16 | R2: 32 | S2: 400 | T2: 12.615 | U2: 98.55 | V2: 2.1025 | W2: 2.1666 | X2: 27.332 | Y2: 25.226 | Z2: SLR0 | AA2: measured | AB2: GEMV_Family_Measured.csv, family_measurements/4x4/power_4x4_400MHz.csv | AC2: steady state: ss_gflops_act_MIXED / 2; energy = MIXED soak power / that
A3: 8x4 (10 ch) | B3: 23.715 | D3: 1.1236 | E3: 0.1325 | H3: 375 | J3: 2.3715 | L3: single engine | M3: one 8x4 engine | N3: 8x4 | O3: 1 | P3: 10 | Q3: 32 | R3: 64 | S3: 375 | T3: 23.715 | U3: 98.81 | V3: 2.3715 | W3: 1.2562 | X3: 29.79 | Y3: 26.647 | Z3: SLR0 | AA3: measured | AB3: GEMV_Family_Measured.csv, family_measurements/8x4/power_8x4_375MHz.csv | AC3: steady state: ss_gflops_act_MIXED / 2; energy = MIXED soak power / that
A4: 2 x 4x4 (12 ch) | C4: 24.997 | F4: 1.0717 | G4: 0.1582 | I4: 394 | K4: 2.0831 | L4: multi-tenant | M4: 2 x 4x4 tenants | N4: 4x4 | O4: 2 | P4: 12 | Q4: 32 | R4: 64 | S4: 394 | T4: 24.997 | U4: 99.13 | V4: 2.0831 | W4: 1.2299 | X4: 30.744 | Y4: 26.789 | Z4: SLR0 | AA4: measured | AB4: multi_x2_394MHz.csv (sparse_4x4_x2_400.xclbin) | AC4: steady state: sum over tenants of MACs / (active span - a), all tenants running; energy = full-set MIXED soak power / that
A5: 16x3 (13 ch) | B5: 33.1 | D5: 0.8308 | E5: 0.143 | H5: 350 | J5: 2.5462 | L5: single engine | M5: one 16x3 engine | N5: 16x3 | O5: 1 | P5: 13 | Q5: 48 | R5: 96 | S5: 350 | T5: 33.1 | U5: 98.51 | V5: 2.5462 | W5: 0.9739 | X5: 32.235 | Y5: 27.501 | Z5: SLR0 | AA5: measured | AB5: GEMV_Family_Measured.csv, family_measurements/16x3/power_16x3_350MHz.csv | AC5: steady state: ss_gflops_act_MIXED / 2; energy = MIXED soak power / that
A6: 8x8 (17 ch) | B6: 41.125 | D6: 0.751 | E6: 0.1314 | H6: 325 | J6: 2.4191 | L6: single engine | M6: one 8x8 engine | N6: 8x8 | O6: 1 | P6: 17 | Q6: 64 | R6: 128 | S6: 325 | T6: 41.125 | U6: 98.86 | V6: 2.4191 | W6: 0.8823 | X6: 36.286 | Y6: 30.883 | Z6: split | AA6: measured | AB6: GEMV_Family_Measured.csv, family_measurements/8x8/power_8x8_325MHz.csv | AC6: steady state: ss_gflops_act_MIXED / 2; energy = MIXED soak power / that
A7: 3 x 4x4 (18 ch) | C7: 37.915 | F7: 0.8166 | G7: 0.164 | I7: 399 | K7: 2.1064 | L7: multi-tenant | M7: 3 x 4x4 tenants | N7: 4x4 | O7: 3 | P7: 18 | Q7: 48 | R7: 96 | S7: 399 | T7: 37.915 | U7: 98.99 | V7: 2.1064 | W7: 0.9806 | X7: 37.179 | Y7: 30.96 | Z7: SLR0 | AA7: measured | AB7: multi_x3_399MHz.csv (sparse_4x4_x3_400.xclbin) | AC7: steady state: sum over tenants of MACs / (active span - a), all tenants running; energy = full-set MIXED soak power / that
A8: 2 x 8x4 (20 ch) | C8: 45.591 | F8: 0.6896 | G8: 0.149 | I8: 361 | K8: 2.2795 | L8: multi-tenant | M8: 2 x 8x4 tenants | N8: 8x4 | O8: 2 | P8: 20 | Q8: 64 | R8: 128 | S8: 361 | T8: 45.591 | U8: 98.66 | V8: 2.2795 | W8: 0.8386 | X8: 38.233 | Y8: 31.438 | Z8: SLR0 | AA8: measured | AB8: multi_8x4_x2_361MHz.csv (sparse_8x4_x2_375.xclbin) | AC8: steady state: sum over tenants of MACs / (active span - a), all tenants running; energy = full-set MIXED soak power / that
A9: 4x24 (24 ch) | B9: 57.025 | D9: 0.5723 | E9: 0.1367 | H9: 300 | J9: 2.376 | L9: single engine | M9: one 4x24 engine | N9: 4x24 | O9: 1 | P9: 24 | Q9: 96 | R9: 192 | S9: 300 | T9: 57.025 | U9: 99 | V9: 2.376 | W9: 0.709 | X9: 40.43 | Y9: 32.633 | Z9: split | AA9: measured | AB9: GEMV_Family_Measured.csv, family_measurements/4x24/power_4x24_300MHz.csv | AC9: steady state: ss_gflops_act_MIXED / 2; energy = MIXED soak power / that
A10: 4 x 4x4 (24 ch) | C10: 47.37 | F10: 0.6975 | G10: 0.1542 | I10: 374 | K10: 1.9738 | L10: multi-tenant | M10: 4 x 4x4 tenants | N10: 4x4 | O10: 4 | P10: 24 | Q10: 64 | R10: 128 | S10: 374 | T10: 47.37 | U10: 98.95 | V10: 1.9738 | W10: 0.8517 | X10: 40.345 | Y10: 33.041 | Z10: SLR0 | AA10: measured | AB10: multi_x4_374MHz.csv (sparse_4x4_x4_375.xclbin) | AC10: steady state: sum over tenants of MACs / (active span - a), all tenants running; energy = full-set MIXED soak power / that
A11: 2 x 16x3 (26 ch) | C11: 64.642 | F11: 0.5318 | G11: 0.1252 | I11: 341 | K11: 2.4862 | L11: multi-tenant | M11: 2 x 16x3 tenants | N11: 16x3 | O11: 2 | P11: 26 | Q11: 96 | R11: 192 | S11: 341 | T11: 64.642 | U11: 98.73 | V11: 2.4862 | W11: 0.657 | X11: 42.468 | Y11: 34.378 | Z11: split | AA11: measured | AB11: multi_16x3_x2_341MHz.csv (sparse_16x3_x2_375.xclbin) | AC11: steady state: sum over tenants of MACs / (active span - a), all tenants running; energy = full-set MIXED soak power / that
A12: 5 x 4x4 (30 ch) | C12: 51.718 | F12: 0.6529 | G12: 0.1628 | I12: 329 | K12: 1.7239 | L12: multi-tenant | M12: 5 x 4x4 tenants | N12: 4x4 | O12: 5 | P12: 30 | Q12: 80 | R12: 160 | S12: 329 | T12: 51.718 | U12: 98.25 | V12: 1.7239 | W12: 0.8157 | X12: 42.187 | Y12: 33.768 | Z12: split | AA12: measured | AB12: multi_x5_329MHz.csv (sparse_4x4_x5_375_split.xclbin) | AC12: steady state: sum over tenants of MACs / (active span - a), all tenants running; energy = full-set MIXED soak power / that
A13: 3 x 8x4 (30 ch) | C13: 66.795 | F13: 0.5106 | G13: 0.1409 | I13: 354 | K13: 2.2265 | L13: multi-tenant | M13: 3 x 8x4 tenants | N13: 8x4 | O13: 3 | P13: 30 | Q13: 96 | R13: 192 | S13: 354 | T13: 66.795 | U13: 98.27 | V13: 2.2265 | W13: 0.6515 | X13: 43.516 | Y13: 34.106 | Z13: split | AA13: measured | AB13: multi_8x4_x3_354MHz.csv (sparse_8x4_x3_375.xclbin) | AC13: steady state: sum over tenants of MACs / (active span - a), all tenants running; energy = full-set MIXED soak power / that
A14: 4x32 (32 ch) | B14: 63.635 | D14: 0.5294 | E14: 0.1349 | H14: 250 | J14: 1.9886 | L14: single engine | M14: one 4x32 engine | N14: 4x32 | O14: 1 | P14: 32 | Q14: 128 | R14: 256 | S14: 250 | T14: 63.635 | U14: 99.43 | V14: 1.9886 | W14: 0.6643 | X14: 42.271 | Y14: 33.686 | Z14: split | AA14: measured | AB14: GEMV_Family_Measured.csv, family_measurements/4x32/power_4x32_250MHz.csv | AC14: steady state: ss_gflops_act_MIXED / 2; energy = MIXED soak power / that

Sheet MT Interference
A1: workload | B1: tenants_running | C1: slowdown_pct_t0 | D1: slowdown_pct_t1 | E1: slowdown_pct_t2 | F1: slowdown_pct_t3 | G1: slowdown_pct_t4 | H1: interference_t0 | I1: interference_t1 | J1: interference_t2 | K1: interference_t3 | L1: interference_t4 | M1: active_overlap_pct | N1: alone_spread_pct_max | O1: workload_name | P1: tenants_n | Q1: bitstream | R1: clock_mhz | S1: estimator
A2: Mixed | B2: 2 tenants | C2: 0.89 | D2: -1.07 | H2: 1.0089 | I2: 0.9893 | M2: 97.37 | N2: 0.994 | O2: Mixed | P2: 2 | Q2: sparse_4x4_x5_375_split.xclbin | R2: 329 | S2: active-span ratio vs the same tenant alone, mean of 3 reps
B3: 3 tenants | C3: 0.97 | D3: -0.66 | E3: -0.37 | H3: 1.0097 | I3: 0.9934 | J3: 0.9963 | M3: 94.27 | N3: 0.994 | O3: Mixed | P3: 3 | Q3: sparse_4x4_x5_375_split.xclbin | R3: 329 | S3: active-span ratio vs the same tenant alone, mean of 3 reps
B4: 4 tenants | C4: 1.18 | D4: -0.14 | E4: 0.05 | F4: -0.3 | H4: 1.0118 | I4: 0.9986 | J4: 1.0005 | K4: 0.997 | M4: 91.5 | N4: 0.994 | O4: Mixed | P4: 4 | Q4: sparse_4x4_x5_375_split.xclbin | R4: 329 | S4: active-span ratio vs the same tenant alone, mean of 3 reps
B5: 5 tenants | C5: 1.45 | D5: 0.04 | E5: 0.46 | F5: -0.38 | G5: -0.28 | H5: 1.0145 | I5: 1.0004 | J5: 1.0046 | K5: 0.9962 | L5: 0.9972 | M5: 88.27 | N5: 0.994 | O5: Mixed | P5: 5 | Q5: sparse_4x4_x5_375_split.xclbin | R5: 329 | S5: active-span ratio vs the same tenant alone, mean of 3 reps
A6: All 2:32 | B6: 2 tenants | C6: 0.43 | D6: -0.8 | H6: 1.0043 | I6: 0.992 | M6: 95.57 | N6: 0.441 | O6: All 2:32 | P6: 2 | Q6: sparse_4x4_x5_375_split.xclbin | R6: 329 | S6: active-span ratio vs the same tenant alone, mean of 3 reps
B7: 3 tenants | C7: 0.39 | D7: -0.8 | E7: -0.08 | H7: 1.0039 | I7: 0.992 | J7: 0.9992 | M7: 92.07 | N7: 0.441 | O7: All 2:32 | P7: 3 | Q7: sparse_4x4_x5_375_split.xclbin | R7: 329 | S7: active-span ratio vs the same tenant alone, mean of 3 reps
B8: 4 tenants | C8: 0.41 | D8: -0.64 | E8: 0.13 | F8: -0.41 | H8: 1.0041 | I8: 0.9936 | J8: 1.0013 | K8: 0.9959 | M8: 85.03 | N8: 0.441 | O8: All 2:32 | P8: 4 | Q8: sparse_4x4_x5_375_split.xclbin | R8: 329 | S8: active-span ratio vs the same tenant alone, mean of 3 reps
B9: 5 tenants | C9: 0.92 | D9: -0.06 | E9: 0.46 | F9: -0.62 | G9: -0.01 | H9: 1.0092 | I9: 0.9994 | J9: 1.0046 | K9: 0.9938 | L9: 0.9999 | M9: 83.9 | N9: 0.441 | O9: All 2:32 | P9: 5 | Q9: sparse_4x4_x5_375_split.xclbin | R9: 329 | S9: active-span ratio vs the same tenant alone, mean of 3 reps

Sheet MT Throughput
A1: tenants_running | B1: gmac_s_mixed | C1: gmac_s_all2to32 | D1: gmac_s_linear_scaling | E1: gmac_s_peak | F1: scaling_x_mixed | G1: scaling_x_all2to32 | H1: pct_of_peak_mixed | I1: pct_of_peak_all2to32 | J1: tenants_n | K1: bitstream | L1: clock_mhz | M1: estimator
A2: 1 tenant | B2: 9.881 | C2: 9.729 | D2: 9.881 | E2: 10.528 | F2: 1 | G2: 1 | H2: 93.85 | I2: 92.41 | J2: 1 | K2: sparse_4x4_x5_375_split.xclbin | L2: 329 | M2: 60 s power soak, host calculation counts x MACs per calculation
A3: 2 tenants | B3: 19.743 | C3: 19.13 | D3: 19.762 | E3: 21.056 | F3: 1.998 | G3: 1.966 | H3: 93.76 | I3: 90.85 | J3: 2 | K3: sparse_4x4_x5_375_split.xclbin | L3: 329 | M3: 60 s power soak, host calculation counts x MACs per calculation
A4: 3 tenants | B4: 29.351 | C4: 28.938 | D4: 29.643 | E4: 31.584 | F4: 2.97 | G4: 2.974 | H4: 92.93 | I4: 91.62 | J4: 3 | K4: sparse_4x4_x5_375_split.xclbin | L4: 329 | M4: 60 s power soak, host calculation counts x MACs per calculation
A5: 4 tenants | B5: 39.196 | C5: 37.706 | D5: 39.524 | E5: 42.112 | F5: 3.967 | G5: 3.876 | H5: 93.08 | I5: 89.54 | J5: 4 | K5: sparse_4x4_x5_375_split.xclbin | L5: 329 | M5: 60 s power soak, host calculation counts x MACs per calculation
A6: 5 tenants | B6: 48.543 | C6: 47.209 | D6: 49.405 | E6: 52.64 | F6: 4.913 | G6: 4.852 | H6: 92.22 | I6: 89.68 | J6: 5 | K6: sparse_4x4_x5_375_split.xclbin | L6: 329 | M6: 60 s power soak, host calculation counts x MACs per calculation

Sheet MT Energy
A1: workload | B1: tenants_running | C1: static_nJ_per_MAC | D1: dynamic_nJ_per_MAC | E1: total_nJ_per_MAC | F1: gmac_s | G1: board_load_W | H1: board_idle_W | I1: board_dynamic_W | J1: vccint_load_W | K1: vccint_idle_W | L1: static_pct | M1: workload_name | N1: tenants_n | O1: bitstream | P1: clock_mhz | Q1: estimator
A2: Mixed | B2: 1 tenant | C2: 3.4154 | D2: 0.1598 | E2: 3.5752 | F2: 9.881 | G2: 35.327 | H2: 33.748 | I2: 1.579 | J2: 9.077 | K2: 8.705 | L2: 95.53 | M2: Mixed | N2: 1 | O2: sparse_4x4_x5_375_split.xclbin | P2: 329 | Q2: 60 s power soak, host calculation counts x MACs per calculation; static = idle after the soak, dynamic = load - idle
B3: 2 tenants | C3: 1.7125 | D3: 0.1619 | E3: 1.8744 | F3: 19.743 | G3: 37.005 | H3: 33.809 | I3: 3.196 | J3: 9.342 | K3: 8.703 | L3: 91.36 | M3: Mixed | N3: 2 | O3: sparse_4x4_x5_375_split.xclbin | P3: 329 | Q3: 60 s power soak, host calculation counts x MACs per calculation; static = idle after the soak, dynamic = load - idle
B4: 3 tenants | C4: 1.1517 | D4: 0.1661 | E4: 1.3177 | F4: 29.351 | G4: 38.676 | H4: 33.802 | I4: 4.874 | J4: 9.67 | K4: 8.699 | L4: 87.4 | M4: Mixed | N4: 3 | O4: sparse_4x4_x5_375_split.xclbin | P4: 329 | Q4: 60 s power soak, host calculation counts x MACs per calculation; static = idle after the soak, dynamic = load - idle
B5: 4 tenants | C5: 0.8641 | D5: 0.1646 | E5: 1.0287 | F5: 39.196 | G5: 40.321 | H5: 33.87 | I5: 6.451 | J5: 10.018 | K5: 8.852 | L5: 84 | M5: Mixed | N5: 4 | O5: sparse_4x4_x5_375_split.xclbin | P5: 329 | Q5: 60 s power soak, host calculation counts x MACs per calculation; static = idle after the soak, dynamic = load - idle
B6: 5 tenants | C6: 0.6956 | D6: 0.1734 | E6: 0.8691 | F6: 48.543 | G6: 42.187 | H6: 33.768 | I6: 8.419 | J6: 10.465 | K6: 8.835 | L6: 80.04 | M6: Mixed | N6: 5 | O6: sparse_4x4_x5_375_split.xclbin | P6: 329 | Q6: 60 s power soak, host calculation counts x MACs per calculation; static = idle after the soak, dynamic = load - idle
A7: All 2:32 | B7: 1 tenant | C7: 3.4537 | D7: 0.1738 | E7: 3.6275 | F7: 9.729 | G7: 35.293 | H7: 33.602 | I7: 1.691 | J7: 8.97 | K7: 8.525 | L7: 95.21 | M7: All 2:32 | N7: 1 | O7: sparse_4x4_x5_375_split.xclbin | P7: 329 | Q7: 60 s power soak, host calculation counts x MACs per calculation; static = idle after the soak, dynamic = load - idle
B8: 2 tenants | C8: 1.7479 | D8: 0.1741 | E8: 1.922 | F8: 19.13 | G8: 36.767 | H8: 33.437 | I8: 3.33 | J8: 9.193 | K8: 8.522 | L8: 90.94 | M8: All 2:32 | N8: 2 | O8: sparse_4x4_x5_375_split.xclbin | P8: 329 | Q8: 60 s power soak, host calculation counts x MACs per calculation; static = idle after the soak, dynamic = load - idle
B9: 3 tenants | C9: 1.1588 | D9: 0.1713 | E9: 1.3301 | F9: 28.938 | G9: 38.49 | H9: 33.532 | I9: 4.958 | J9: 9.539 | K9: 8.516 | L9: 87.12 | M9: All 2:32 | N9: 3 | O9: sparse_4x4_x5_375_split.xclbin | P9: 329 | Q9: 60 s power soak, host calculation counts x MACs per calculation; static = idle after the soak, dynamic = load - idle
B10: 4 tenants | C10: 0.8874 | D10: 0.1756 | E10: 1.063 | F10: 37.706 | G10: 40.083 | H10: 33.461 | I10: 6.622 | J10: 9.892 | K10: 8.521 | L10: 83.48 | M10: All 2:32 | N10: 4 | O10: sparse_4x4_x5_375_split.xclbin | P10: 329 | Q10: 60 s power soak, host calculation counts x MACs per calculation; static = idle after the soak, dynamic = load - idle
B11: 5 tenants | C11: 0.7123 | D11: 0.1784 | E11: 0.8907 | F11: 47.209 | G11: 42.047 | H11: 33.626 | I11: 8.421 | J11: 10.252 | K11: 8.527 | L11: 79.97 | M11: All 2:32 | N11: 5 | O11: sparse_4x4_x5_375_split.xclbin | P11: 329 | Q11: 60 s power soak, host calculation counts x MACs per calculation; static = idle after the soak, dynamic = load - idle

Sheet Scale-out vs Scale-up
A1: metric | B1: ratio_scaleout_over_scaleup | C1: scaleout_value | D1: scaleup_value | E1: unit | F1: scaleout | G1: scaleup | H1: basis
A2: HBM channels | B2: 1 | C2: 24 | D2: 24 | E2: channels | F2: 4 x 4x4 tenants, sparse_4x4_x4_375.xclbin | G2: one 4x24 engine, family build | H2: the controlled variable: the same channel budget
A3: Kernel clock | B3: 1.2467 | C3: 374 | D3: 300 | E3: MHz | F3: 4 x 4x4 tenants, sparse_4x4_x4_375.xclbin | G3: one 4x24 engine, family build | H3: runtime clock of each bitstream
A4: MACs per cycle | B4: 0.6667 | C4: 128 | D4: 192 | E4: MACs/cycle | F4: 4 x 4x4 tenants, sparse_4x4_x4_375.xclbin | G4: one 4x24 engine, family build | H4: 4 x 32 vs 96 blocks x 2 (DSPs 512 vs 768)
A5: Throughput | B5: 0.8306 | C5: 47.365 | D5: 57.025 | E5: GMAC/s | F5: 4 x 4x4 tenants, sparse_4x4_x4_375.xclbin | G5: one 4x24 engine, family build | H5: steady state: x4 = MACs / (active span - 188 us fixed cost), all four tenants running; 4x24 = ss_gflops_act_MIXED / 2
A6: Board power | B6: 0.9979 | C6: 40.345 | D6: 40.43 | E6: W | F6: 4 x 4x4 tenants, sparse_4x4_x4_375.xclbin | G6: one 4x24 engine, family build | H6: 60 s MIXED soak, board load
A7: Energy per MAC | B7: 1.2014 | C7: 0.8518 | D7: 0.709 | E7: nJ/MAC | F7: 4 x 4x4 tenants, sparse_4x4_x4_375.xclbin | G7: one 4x24 engine, family build | H7: soak board power / steady-state GMAC/s (the family's per-W method)

Sheet Idle vs Channels
A1: build_label | B1: idle_vccint_W | C1: idle_rest_W | D1: idle_board_W | E1: hbm_channels | F1: build | G1: kind | H1: clock_mhz | I1: uses_channel_16_up | J1: n_soaks | K1: source
A2: 4x4 (6 ch) | B2: 6.048 | C2: 19.395 | D2: 25.443 | E2: 6 | F2: 4x4 | G2: single engine | H2: 400 | I2: no | J2: 5 | K2: results/family_measurements/4x4/power_4x4_400MHz.csv
A3: 8x4 (10 ch) | B3: 6.56 | C3: 20.091 | D3: 26.651 | E3: 10 | F3: 8x4 | G3: single engine | H3: 375 | I3: no | J3: 5 | K3: results/family_measurements/8x4/power_8x4_375MHz.csv
A4: 2 x 4x4 (12 ch) | B4: 6.655 | C4: 20.108 | D4: 26.764 | E4: 12 | F4: 4x4_x2 | G4: multi-tenant | H4: 394 | I4: no | J4: 2 | K4: multi_x2_394MHz.csv, multi_x2_394MHz_all2to32.csv
A5: 16x3 (13 ch) | B5: 7.139 | C5: 20.448 | D5: 27.587 | E5: 13 | F5: 16x3 | G5: single engine | H5: 350 | I5: no | J5: 5 | K5: results/family_measurements/16x3/power_16x3_350MHz.csv
A6: 8x8 (17 ch) | B6: 7.528 | C6: 23.309 | D6: 30.837 | E6: 17 | F6: 8x8 | G6: single engine | H6: 325 | I6: yes | J6: 5 | K6: results/family_measurements/8x8/power_8x8_325MHz.csv
A7: 3 x 4x4 (18 ch) | B7: 7.514 | C7: 23.353 | D7: 30.867 | E7: 18 | F7: 4x4_x3 | G7: multi-tenant | H7: 399 | I7: yes | J7: 3 | K7: multi_x3_399MHz.csv, multi_x3_399MHz_all2to32.csv
A8: 2 x 8x4 (20 ch) | B8: 7.716 | C8: 23.669 | D8: 31.386 | E8: 20 | F8: 8x4_x2 | G8: multi-tenant | H8: 361 | I8: yes | J8: 2 | K8: multi_8x4_x2_361MHz.csv, multi_8x4_x2_361MHz_all2to32.csv
A9: 4x24 (24 ch) | B9: 8.287 | C9: 24.259 | D9: 32.546 | E9: 24 | F9: 4x24 | G9: single engine | H9: 300 | I9: yes | J9: 5 | K9: results/family_measurements/4x24/power_4x24_300MHz.csv
A10: 4 x 4x4 (24 ch) | B10: 8.365 | C10: 24.416 | D10: 32.782 | E10: 24 | F10: 4x4_x4 | G10: multi-tenant | H10: 374 | I10: yes | J10: 8 | K10: multi_x4_374MHz.csv, multi_x4_374MHz_all2to32.csv
A11: 2 x 16x3 (26 ch) | B11: 9.048 | C11: 25.084 | D11: 34.132 | E11: 26 | F11: 16x3_x2 | G11: multi-tenant | H11: 341 | I11: yes | J11: 4 | K11: multi_16x3_x2_341MHz.csv, multi_16x3_x2_341MHz_all2to32.csv
A12: 5 x 4x4 (30 ch) | B12: 8.64 | C12: 25.025 | D12: 33.665 | E12: 30 | F12: 4x4_x5 | G12: multi-tenant | H12: 329 | I12: yes | J12: 10 | K12: multi_x5_329MHz.csv, multi_x5_329MHz_all2to32.csv
A13: 3 x 8x4 (30 ch) | B13: 8.877 | C13: 25.183 | D13: 34.061 | E13: 30 | F13: 8x4_x3 | G13: multi-tenant | H13: 354 | I13: yes | J13: 6 | K13: multi_8x4_x3_354MHz.csv, multi_8x4_x3_354MHz_all2to32.csv
A14: 4x32 (32 ch) | B14: 8.612 | C14: 25.039 | D14: 33.651 | E14: 32 | F14: 4x32 | G14: single engine | H14: 250 | I14: yes | J14: 5 | K14: results/family_measurements/4x32/power_4x32_250MHz.csv

Sheet Family Mixed Latency
A1: dimensions | B1: latency_us_4x4 | C1: latency_us_8x4 | D1: latency_us_16x3 | E1: latency_us_8x8 | F1: latency_us_4x24 | G1: latency_us_4x32 | H1: padding_rows_4x4 | I1: padding_rows_8x4 | J1: padding_rows_16x3 | K1: padding_rows_8x8 | L1: padding_rows_4x24 | M1: padding_rows_4x32 | N1: shape | O1: shape_order | P1: M_rows | Q1: N_cols | R1: matrix_elements | S1: data_source
A2: 512x512 | B2: 4.9106 | C2: 2.6391 | D2: 2.105 | E2: 1.5054 | F2: 1.6302 | G2: 0.9699 | H2: 0 | I2: 0 | J2: 64 | K2: 0 | L2: 256 | M2: 0 | N2: G1 | O2: 1 | P2: 512 | Q2: 512 | R2: 262144 | S2: shapes_<tag>_<MHz>_MIXED.csv latency_per_matrix_us, per-sweep overhead fit, each family at its own clock
A3: 768x768 | B3: 11.0585 | C3: 5.8828 | D3: 4.1964 | E3: 3.3788 | F3: 2.4612 | G3: 2.8801 | H3: 0 | I3: 0 | J3: 0 | K3: 0 | L3: 0 | M3: 256 | N3: G2 | O3: 2 | P3: 768 | Q3: 768 | R3: 589824 | S3: shapes_<tag>_<MHz>_MIXED.csv latency_per_matrix_us, per-sweep overhead fit, each family at its own clock
A4: 1024x1024 | B4: 19.4883 | C4: 10.4333 | D4: 8.3294 | E4: 5.972 | F4: 4.8741 | G4: 3.8021 | H4: 0 | I4: 0 | J4: 128 | K4: 0 | L4: 128 | M4: 0 | N4: G3 | O4: 3 | P4: 1024 | Q4: 1024 | R4: 1048576 | S4: shapes_<tag>_<MHz>_MIXED.csv latency_per_matrix_us, per-sweep overhead fit, each family at its own clock
A5: 3072x768 | B5: 44.1648 | C5: 23.4419 | D5: 16.5832 | E5: 13.5523 | F5: 9.8202 | G5: 8.8222 | H5: 0 | I5: 0 | J5: 0 | K5: 0 | L5: 0 | M5: 0 | N5: G4 | O5: 4 | P5: 3072 | Q5: 768 | R5: 2359296 | S5: shapes_<tag>_<MHz>_MIXED.csv latency_per_matrix_us, per-sweep overhead fit, each family at its own clock
A6: 768x3072 | B6: 43.5779 | C6: 23.3579 | D6: 16.564 | E6: 13.3446 | F6: 9.7149 | G6: 11.4574 | H6: 0 | I6: 0 | J6: 0 | K6: 0 | L6: 0 | M6: 256 | N6: G5 | O6: 5 | P6: 768 | Q6: 3072 | R6: 2359296 | S6: shapes_<tag>_<MHz>_MIXED.csv latency_per_matrix_us, per-sweep overhead fit, each family at its own clock
A7: 4096x1024 | B7: 78.1175 | C7: 42.0355 | D7: 30.3086 | E7: 24.0229 | F7: 17.8304 | G7: 15.4469 | H7: 0 | I7: 0 | J7: 128 | K7: 0 | L7: 128 | M7: 0 | N7: G6 | O7: 6 | P7: 4096 | Q7: 1024 | R7: 4194304 | S7: shapes_<tag>_<MHz>_MIXED.csv latency_per_matrix_us, per-sweep overhead fit, each family at its own clock
A8: 1024x4096 | B8: 77.3105 | C8: 41.3539 | D8: 33.2667 | E8: 23.8428 | F8: 19.1567 | G8: 15.3556 | H8: 0 | I8: 0 | J8: 128 | K8: 0 | L8: 128 | M8: 0 | N8: G7 | O8: 7 | P8: 1024 | Q8: 4096 | R8: 4194304 | S8: shapes_<tag>_<MHz>_MIXED.csv latency_per_matrix_us, per-sweep overhead fit, each family at its own clock
A9: 2048x2048 | B9: 77.7627 | C9: 41.6508 | D9: 30.5019 | E9: 23.694 | F9: 19.4485 | G9: 15.3422 | H9: 0 | I9: 0 | J9: 64 | K9: 0 | L9: 256 | M9: 0 | N9: G8 | O9: 8 | P9: 2048 | Q9: 2048 | R9: 4194304 | S9: shapes_<tag>_<MHz>_MIXED.csv latency_per_matrix_us, per-sweep overhead fit, each family at its own clock
A10: 4096x4096 | B10: 310.609 | C10: 167.6192 | D10: 120.8005 | E10: 94.8771 | F10: 71.2833 | G10: 61.6223 | H10: 0 | I10: 0 | J10: 128 | K10: 0 | L10: 128 | M10: 0 | N10: G9 | O10: 9 | P10: 4096 | Q10: 4096 | R10: 16777216 | S10: shapes_<tag>_<MHz>_MIXED.csv latency_per_matrix_us, per-sweep overhead fit, each family at its own clock
A11: 8192x2048 | B11: 309.0082 | C11: 166.7927 | D11: 117.0011 | E11: 94.5814 | F11: 71.7843 | G11: 61.404 | H11: 0 | I11: 0 | J11: 64 | K11: 0 | L11: 256 | M11: 0 | N11: G10 | O11: 10 | P11: 8192 | Q11: 2048 | R11: 16777216 | S11: shapes_<tag>_<MHz>_MIXED.csv latency_per_matrix_us, per-sweep overhead fit, each family at its own clock
A12: 2048x8192 | B12: 309.4496 | C12: 165.6937 | D12: 121.2366 | E12: 95.1581 | F12: 76.4822 | G12: 61.6403 | H12: 0 | I12: 0 | J12: 64 | K12: 0 | L12: 256 | M12: 0 | N12: G11 | O12: 11 | P12: 2048 | Q12: 8192 | R12: 16777216 | S12: shapes_<tag>_<MHz>_MIXED.csv latency_per_matrix_us, per-sweep overhead fit, each family at its own clock

Sheet Family Mixed Energy
A1: shape_group | B1: family | C1: energy_static_uJ | D1: energy_dynamic_uJ | E1: energy_static_pJ_per_element | F1: energy_dynamic_pJ_per_element | G1: energy_total_uJ | H1: energy_total_pJ_per_element | I1: dimensions | J1: shape | K1: shape_order | L1: family_order | M1: clock_mhz | N1: M_rows | O1: N_cols | P1: matrix_elements | Q1: padding_rows | R1: latency_per_matrix_us | S1: board_load_W | T1: board_idle_W | U1: board_dynamic_W | V1: static_pct | W1: data_source
A2: 512x512 | B2: 4x4 | C2: 123.875 | D2: 10.342 | E2: 472.545 | F2: 39.451 | G2: 134.217 | H2: 511.995 | I2: 512x512 | J2: G1 | K2: 1 | L2: 1 | M2: 400 | N2: 512 | O2: 512 | P2: 262144 | Q2: 0 | R2: 4.9106 | S2: 27.332 | T2: 25.226 | U2: 2.106 | V2: 92.29 | W2: latency x the family's own MIXED 60 s soak (board load / idle)
B3: 8x4 | C3: 70.324 | D3: 8.295 | E3: 268.265 | F3: 31.642 | G3: 78.619 | H3: 299.907 | I3: 512x512 | J3: G1 | K3: 1 | L3: 2 | M3: 375 | N3: 512 | O3: 512 | P3: 262144 | Q3: 0 | R3: 2.6391 | S3: 29.79 | T3: 26.647 | U3: 3.143 | V3: 89.45 | W3: latency x the family's own MIXED 60 s soak (board load / idle)
B4: 16x3 | C4: 57.89 | D4: 9.965 | E4: 220.831 | F4: 38.014 | G4: 67.855 | H4: 258.845 | I4: 512x512 | J4: G1 | K4: 1 | L4: 3 | M4: 350 | N4: 512 | O4: 512 | P4: 262144 | Q4: 64 | R4: 2.105 | S4: 32.235 | T4: 27.501 | U4: 4.734 | V4: 85.31 | W4: latency x the family's own MIXED 60 s soak (board load / idle)
B5: 8x8 | C5: 46.491 | D5: 8.134 | E5: 177.35 | F5: 31.028 | G5: 54.625 | H5: 208.378 | I5: 512x512 | J5: G1 | K5: 1 | L5: 4 | M5: 325 | N5: 512 | O5: 512 | P5: 262144 | Q5: 0 | R5: 1.5054 | S5: 36.286 | T5: 30.883 | U5: 5.403 | V5: 85.11 | W5: latency x the family's own MIXED 60 s soak (board load / idle)
B6: 4x24 | C6: 53.198 | D6: 12.711 | E6: 202.935 | F6: 48.487 | G6: 65.909 | H6: 251.423 | I6: 512x512 | J6: G1 | K6: 1 | L6: 5 | M6: 300 | N6: 512 | O6: 512 | P6: 262144 | Q6: 256 | R6: 1.6302 | S6: 40.43 | T6: 32.633 | U6: 7.797 | V6: 80.71 | W6: latency x the family's own MIXED 60 s soak (board load / idle)
B7: 4x32 | C7: 32.672 | D7: 8.327 | E7: 124.634 | F7: 31.763 | G7: 40.999 | H7: 156.397 | I7: 512x512 | J7: G1 | K7: 1 | L7: 6 | M7: 250 | N7: 512 | O7: 512 | P7: 262144 | Q7: 0 | R7: 0.9699 | S7: 42.271 | T7: 33.686 | U7: 8.585 | V7: 79.69 | W7: latency x the family's own MIXED 60 s soak (board load / idle)
A8: 768x768 | B8: 4x4 | C8: 278.962 | D8: 23.289 | E8: 472.958 | F8: 39.485 | G8: 302.251 | H8: 512.443 | I8: 768x768 | J8: G2 | K8: 2 | L8: 1 | M8: 400 | N8: 768 | O8: 768 | P8: 589824 | Q8: 0 | R8: 11.0585 | S8: 27.332 | T8: 25.226 | U8: 2.106 | V8: 92.29 | W8: latency x the family's own MIXED 60 s soak (board load / idle)
B9: 8x4 | C9: 156.759 | D9: 18.49 | E9: 265.772 | F9: 31.348 | G9: 175.249 | H9: 297.12 | I9: 768x768 | J9: G2 | K9: 2 | L9: 2 | M9: 375 | N9: 768 | O9: 768 | P9: 589824 | Q9: 0 | R9: 5.8828 | S9: 29.79 | T9: 26.647 | U9: 3.143 | V9: 89.45 | W9: latency x the family's own MIXED 60 s soak (board load / idle)
B10: 16x3 | C10: 115.405 | D10: 19.866 | E10: 195.66 | F10: 33.681 | G10: 135.271 | H10: 229.341 | I10: 768x768 | J10: G2 | K10: 2 | L10: 3 | M10: 350 | N10: 768 | O10: 768 | P10: 589824 | Q10: 0 | R10: 4.1964 | S10: 32.235 | T10: 27.501 | U10: 4.734 | V10: 85.31 | W10: latency x the family's own MIXED 60 s soak (board load / idle)
B11: 8x8 | C11: 104.347 | D11: 18.256 | E11: 176.913 | F11: 30.951 | G11: 122.603 | H11: 207.864 | I11: 768x768 | J11: G2 | K11: 2 | L11: 4 | M11: 325 | N11: 768 | O11: 768 | P11: 589824 | Q11: 0 | R11: 3.3788 | S11: 36.286 | T11: 30.883 | U11: 5.403 | V11: 85.11 | W11: latency x the family's own MIXED 60 s soak (board load / idle)
B12: 4x24 | C12: 80.316 | D12: 19.19 | E12: 136.17 | F12: 32.535 | G12: 99.506 | H12: 168.705 | I12: 768x768 | J12: G2 | K12: 2 | L12: 5 | M12: 300 | N12: 768 | O12: 768 | P12: 589824 | Q12: 0 | R12: 2.4612 | S12: 40.43 | T12: 32.633 | U12: 7.797 | V12: 80.71 | W12: latency x the family's own MIXED 60 s soak (board load / idle)
B13: 4x32 | C13: 97.019 | D13: 24.726 | E13: 164.488 | F13: 41.92 | G13: 121.745 | H13: 206.409 | I13: 768x768 | J13: G2 | K13: 2 | L13: 6 | M13: 250 | N13: 768 | O13: 768 | P13: 589824 | Q13: 256 | R13: 2.8801 | S13: 42.271 | T13: 33.686 | U13: 8.585 | V13: 79.69 | W13: latency x the family's own MIXED 60 s soak (board load / idle)
A14: 1024x1024 | B14: 4x4 | C14: 491.612 | D14: 41.042 | E14: 468.838 | F14: 39.141 | G14: 532.654 | H14: 507.979 | I14: 1024x1024 | J14: G3 | K14: 3 | L14: 1 | M14: 400 | N14: 1024 | O14: 1024 | P14: 1048576 | Q14: 0 | R14: 19.4883 | S14: 27.332 | T14: 25.226 | U14: 2.106 | V14: 92.29 | W14: latency x the family's own MIXED 60 s soak (board load / idle)
B15: 8x4 | C15: 278.016 | D15: 32.792 | E15: 265.137 | F15: 31.273 | G15: 310.808 | H15: 296.41 | I15: 1024x1024 | J15: G3 | K15: 3 | L15: 2 | M15: 375 | N15: 1024 | O15: 1024 | P15: 1048576 | Q15: 0 | R15: 10.4333 | S15: 29.79 | T15: 26.647 | U15: 3.143 | V15: 89.45 | W15: latency x the family's own MIXED 60 s soak (board load / idle)
B16: 16x3 | C16: 229.067 | D16: 39.431 | E16: 218.455 | F16: 37.605 | G16: 268.498 | H16: 256.06 | I16: 1024x1024 | J16: G3 | K16: 3 | L16: 3 | M16: 350 | N16: 1024 | O16: 1024 | P16: 1048576 | Q16: 128 | R16: 8.3294 | S16: 32.235 | T16: 27.501 | U16: 4.734 | V16: 85.31 | W16: latency x the family's own MIXED 60 s soak (board load / idle)
B17: 8x8 | C17: 184.433 | D17: 32.267 | E17: 175.889 | F17: 30.772 | G17: 216.7 | H17: 206.661 | I17: 1024x1024 | J17: G3 | K17: 3 | L17: 4 | M17: 325 | N17: 1024 | O17: 1024 | P17: 1048576 | Q17: 0 | R17: 5.972 | S17: 36.286 | T17: 30.883 | U17: 5.403 | V17: 85.11 | W17: latency x the family's own MIXED 60 s soak (board load / idle)
B18: 4x24 | C18: 159.057 | D18: 38.003 | E18: 151.688 | F18: 36.243 | G18: 197.06 | H18: 187.931 | I18: 1024x1024 | J18: G3 | K18: 3 | L18: 5 | M18: 300 | N18: 1024 | O18: 1024 | P18: 1048576 | Q18: 128 | R18: 4.8741 | S18: 40.43 | T18: 32.633 | U18: 7.797 | V18: 80.71 | W18: latency x the family's own MIXED 60 s soak (board load / idle)
B19: 4x32 | C19: 128.078 | D19: 32.641 | E19: 122.144 | F19: 31.129 | G19: 160.719 | H19: 153.273 | I19: 1024x1024 | J19: G3 | K19: 3 | L19: 6 | M19: 250 | N19: 1024 | O19: 1024 | P19: 1048576 | Q19: 0 | R19: 3.8021 | S19: 42.271 | T19: 33.686 | U19: 8.585 | V19: 79.69 | W19: latency x the family's own MIXED 60 s soak (board load / idle)
A20: 3072x768 | B20: 4x4 | C20: 1114.101 | D20: 93.011 | E20: 472.218 | F20: 39.423 | G20: 1207.112 | H20: 511.641 | I20: 3072x768 | J20: G4 | K20: 4 | L20: 1 | M20: 400 | N20: 3072 | O20: 768 | P20: 2359296 | Q20: 0 | R20: 44.1648 | S20: 27.332 | T20: 25.226 | U20: 2.106 | V20: 92.29 | W20: latency x the family's own MIXED 60 s soak (board load / idle)
B21: 8x4 | C21: 624.656 | D21: 73.678 | E21: 264.764 | F21: 31.229 | G21: 698.334 | H21: 295.993 | I21: 3072x768 | J21: G4 | K21: 4 | L21: 2 | M21: 375 | N21: 3072 | O21: 768 | P21: 2359296 | Q21: 0 | R21: 23.4419 | S21: 29.79 | T21: 26.647 | U21: 3.143 | V21: 89.45 | W21: latency x the family's own MIXED 60 s soak (board load / idle)
B22: 16x3 | C22: 456.055 | D22: 78.505 | E22: 193.301 | F22: 33.275 | G22: 534.559 | H22: 226.576 | I22: 3072x768 | J22: G4 | K22: 4 | L22: 3 | M22: 350 | N22: 3072 | O22: 768 | P22: 2359296 | Q22: 0 | R22: 16.5832 | S22: 32.235 | T22: 27.501 | U22: 4.734 | V22: 85.31 | W22: latency x the family's own MIXED 60 s soak (board load / idle)
B23: 8x8 | C23: 418.536 | D23: 73.223 | E23: 177.399 | F23: 31.036 | G23: 491.759 | H23: 208.435 | I23: 3072x768 | J23: G4 | K23: 4 | L23: 4 | M23: 325 | N23: 3072 | O23: 768 | P23: 2359296 | Q23: 0 | R23: 13.5523 | S23: 36.286 | T23: 30.883 | U23: 5.403 | V23: 85.11 | W23: latency x the family's own MIXED 60 s soak (board load / idle)
B24: 4x24 | C24: 320.463 | D24: 76.568 | E24: 135.83 | F24: 32.454 | G24: 397.031 | H24: 168.284 | I24: 3072x768 | J24: G4 | K24: 4 | L24: 5 | M24: 300 | N24: 3072 | O24: 768 | P24: 2359296 | Q24: 0 | R24: 9.8202 | S24: 40.43 | T24: 32.633 | U24: 7.797 | V24: 80.71 | W24: latency x the family's own MIXED 60 s soak (board load / idle)
B25: 4x32 | C25: 297.185 | D25: 75.739 | E25: 125.963 | F25: 32.102 | G25: 372.923 | H25: 158.065 | I25: 3072x768 | J25: G4 | K25: 4 | L25: 6 | M25: 250 | N25: 3072 | O25: 768 | P25: 2359296 | Q25: 0 | R25: 8.8222 | S25: 42.271 | T25: 33.686 | U25: 8.585 | V25: 79.69 | W25: latency x the family's own MIXED 60 s soak (board load / idle)
A26: 768x3072 | B26: 4x4 | C26: 1099.296 | D26: 91.775 | E26: 465.942 | F26: 38.899 | G26: 1191.071 | H26: 504.842 | I26: 768x3072 | J26: G5 | K26: 5 | L26: 1 | M26: 400 | N26: 768 | O26: 3072 | P26: 2359296 | Q26: 0 | R26: 43.5779 | S26: 27.332 | T26: 25.226 | U26: 2.106 | V26: 92.29 | W26: latency x the family's own MIXED 60 s soak (board load / idle)
B27: 8x4 | C27: 622.418 | D27: 73.414 | E27: 263.815 | F27: 31.117 | G27: 695.832 | H27: 294.932 | I27: 768x3072 | J27: G5 | K27: 5 | L27: 2 | M27: 375 | N27: 768 | O27: 3072 | P27: 2359296 | Q27: 0 | R27: 23.3579 | S27: 29.79 | T27: 26.647 | U27: 3.143 | V27: 89.45 | W27: latency x the family's own MIXED 60 s soak (board load / idle)
B28: 16x3 | C28: 455.527 | D28: 78.414 | E28: 193.077 | F28: 33.236 | G28: 533.941 | H28: 226.314 | I28: 768x3072 | J28: G5 | K28: 5 | L28: 3 | M28: 350 | N28: 768 | O28: 3072 | P28: 2359296 | Q28: 0 | R28: 16.564 | S28: 32.235 | T28: 27.501 | U28: 4.734 | V28: 85.31 | W28: latency x the family's own MIXED 60 s soak (board load / idle)
B29: 8x8 | C29: 412.121 | D29: 72.101 | E29: 174.68 | F29: 30.56 | G29: 484.222 | H29: 205.24 | I29: 768x3072 | J29: G5 | K29: 5 | L29: 4 | M29: 325 | N29: 768 | O29: 3072 | P29: 2359296 | Q29: 0 | R29: 13.3446 | S29: 36.286 | T29: 30.883 | U29: 5.403 | V29: 85.11 | W29: latency x the family's own MIXED 60 s soak (board load / idle)
B30: 4x24 | C30: 317.026 | D30: 75.747 | E30: 134.373 | F30: 32.106 | G30: 392.773 | H30: 166.479 | I30: 768x3072 | J30: G5 | K30: 5 | L30: 5 | M30: 300 | N30: 768 | O30: 3072 | P30: 2359296 | Q30: 0 | R30: 9.7149 | S30: 40.43 | T30: 32.633 | U30: 7.797 | V30: 80.71 | W30: latency x the family's own MIXED 60 s soak (board load / idle)
B31: 4x32 | C31: 385.954 | D31: 98.362 | E31: 163.589 | F31: 41.691 | G31: 484.316 | H31: 205.28 | I31: 768x3072 | J31: G5 | K31: 5 | L31: 6 | M31: 250 | N31: 768 | O31: 3072 | P31: 2359296 | Q31: 256 | R31: 11.4574 | S31: 42.271 | T31: 33.686 | U31: 8.585 | V31: 79.69 | W31: latency x the family's own MIXED 60 s soak (board load / idle)
A32: 4096x1024 | B32: 4x4 | C32: 1970.592 | D32: 164.515 | E32: 469.826 | F32: 39.224 | G32: 2135.108 | H32: 509.049 | I32: 4096x1024 | J32: G6 | K32: 6 | L32: 1 | M32: 400 | N32: 4096 | O32: 1024 | P32: 4194304 | Q32: 0 | R32: 78.1175 | S32: 27.332 | T32: 25.226 | U32: 2.106 | V32: 92.29 | W32: latency x the family's own MIXED 60 s soak (board load / idle)
B33: 8x4 | C33: 1120.12 | D33: 132.118 | E33: 267.057 | F33: 31.499 | G33: 1252.238 | H33: 298.557 | I33: 4096x1024 | J33: G6 | K33: 6 | L33: 2 | M33: 375 | N33: 4096 | O33: 1024 | P33: 4194304 | Q33: 0 | R33: 42.0355 | S33: 29.79 | T33: 26.647 | U33: 3.143 | V33: 89.45 | W33: latency x the family's own MIXED 60 s soak (board load / idle)
B34: 16x3 | C34: 833.517 | D34: 143.481 | E34: 198.726 | F34: 34.209 | G34: 976.998 | H34: 232.934 | I34: 4096x1024 | J34: G6 | K34: 6 | L34: 3 | M34: 350 | N34: 4096 | O34: 1024 | P34: 4194304 | Q34: 128 | R34: 30.3086 | S34: 32.235 | T34: 27.501 | U34: 4.734 | V34: 85.31 | W34: latency x the family's own MIXED 60 s soak (board load / idle)
B35: 8x8 | C35: 741.899 | D35: 129.796 | E35: 176.883 | F35: 30.946 | G35: 871.695 | H35: 207.828 | I35: 4096x1024 | J35: G6 | K35: 6 | L35: 4 | M35: 325 | N35: 4096 | O35: 1024 | P35: 4194304 | Q35: 0 | R35: 24.0229 | S35: 36.286 | T35: 30.883 | U35: 5.403 | V35: 85.11 | W35: latency x the family's own MIXED 60 s soak (board load / idle)
B36: 4x24 | C36: 581.859 | D36: 139.024 | E36: 138.726 | F36: 33.146 | G36: 720.883 | H36: 171.872 | I36: 4096x1024 | J36: G6 | K36: 6 | L36: 5 | M36: 300 | N36: 4096 | O36: 1024 | P36: 4194304 | Q36: 128 | R36: 17.8304 | S36: 40.43 | T36: 32.633 | U36: 7.797 | V36: 80.71 | W36: latency x the family's own MIXED 60 s soak (board load / idle)
B37: 4x32 | C37: 520.344 | D37: 132.612 | E37: 124.06 | F37: 31.617 | G37: 652.956 | H37: 155.677 | I37: 4096x1024 | J37: G6 | K37: 6 | L37: 6 | M37: 250 | N37: 4096 | O37: 1024 | P37: 4194304 | Q37: 0 | R37: 15.4469 | S37: 42.271 | T37: 33.686 | U37: 8.585 | V37: 79.69 | W37: latency x the family's own MIXED 60 s soak (board load / idle)
A38: 1024x4096 | B38: 4x4 | C38: 1950.235 | D38: 162.816 | E38: 464.972 | F38: 38.818 | G38: 2113.051 | H38: 503.791 | I38: 1024x4096 | J38: G7 | K38: 7 | L38: 1 | M38: 400 | N38: 1024 | O38: 4096 | P38: 4194304 | Q38: 0 | R38: 77.3105 | S38: 27.332 | T38: 25.226 | U38: 2.106 | V38: 92.29 | W38: latency x the family's own MIXED 60 s soak (board load / idle)
B39: 8x4 | C39: 1101.957 | D39: 129.975 | E39: 262.727 | F39: 30.989 | G39: 1231.933 | H39: 293.716 | I39: 1024x4096 | J39: G7 | K39: 7 | L39: 2 | M39: 375 | N39: 1024 | O39: 4096 | P39: 4194304 | Q39: 0 | R39: 41.3539 | S39: 29.79 | T39: 26.647 | U39: 3.143 | V39: 89.45 | W39: latency x the family's own MIXED 60 s soak (board load / idle)
B40: 16x3 | C40: 914.868 | D40: 157.485 | E40: 218.121 | F40: 37.547 | G40: 1072.352 | H40: 255.669 | I40: 1024x4096 | J40: G7 | K40: 7 | L40: 3 | M40: 350 | N40: 1024 | O40: 4096 | P40: 4194304 | Q40: 128 | R40: 33.2667 | S40: 32.235 | T40: 27.501 | U40: 4.734 | V40: 85.31 | W40: latency x the family's own MIXED 60 s soak (board load / idle)
B41: 8x8 | C41: 736.337 | D41: 128.823 | E41: 175.556 | F41: 30.714 | G41: 865.16 | H41: 206.27 | I41: 1024x4096 | J41: G7 | K41: 7 | L41: 4 | M41: 325 | N41: 1024 | O41: 4096 | P41: 4194304 | Q41: 0 | R41: 23.8428 | S41: 36.286 | T41: 30.883 | U41: 5.403 | V41: 85.11 | W41: latency x the family's own MIXED 60 s soak (board load / idle)
B42: 4x24 | C42: 625.141 | D42: 149.365 | E42: 149.045 | F42: 35.611 | G42: 774.505 | H42: 184.656 | I42: 1024x4096 | J42: G7 | K42: 7 | L42: 5 | M42: 300 | N42: 1024 | O42: 4096 | P42: 4194304 | Q42: 128 | R42: 19.1567 | S42: 40.43 | T42: 32.633 | U42: 7.797 | V42: 80.71 | W42: latency x the family's own MIXED 60 s soak (board load / idle)
B43: 4x32 | C43: 517.269 | D43: 131.828 | E43: 123.326 | F43: 31.43 | G43: 649.097 | H43: 154.757 | I43: 1024x4096 | J43: G7 | K43: 7 | L43: 6 | M43: 250 | N43: 1024 | O43: 4096 | P43: 4194304 | Q43: 0 | R43: 15.3556 | S43: 42.271 | T43: 33.686 | U43: 8.585 | V43: 79.69 | W43: latency x the family's own MIXED 60 s soak (board load / idle)
A44: 2048x2048 | B44: 4x4 | C44: 1961.642 | D44: 163.768 | E44: 467.692 | F44: 39.045 | G44: 2125.41 | H44: 506.737 | I44: 2048x2048 | J44: G8 | K44: 8 | L44: 1 | M44: 400 | N44: 2048 | O44: 2048 | P44: 4194304 | Q44: 0 | R44: 77.7627 | S44: 27.332 | T44: 25.226 | U44: 2.106 | V44: 92.29 | W44: latency x the family's own MIXED 60 s soak (board load / idle)
B45: 8x4 | C45: 1109.869 | D45: 130.908 | E45: 264.613 | F45: 31.211 | G45: 1240.777 | H45: 295.824 | I45: 2048x2048 | J45: G8 | K45: 8 | L45: 2 | M45: 375 | N45: 2048 | O45: 2048 | P45: 4194304 | Q45: 0 | R45: 41.6508 | S45: 29.79 | T45: 26.647 | U45: 3.143 | V45: 89.45 | W45: latency x the family's own MIXED 60 s soak (board load / idle)
B46: 16x3 | C46: 838.833 | D46: 144.396 | E46: 199.993 | F46: 34.427 | G46: 983.229 | H46: 234.42 | I46: 2048x2048 | J46: G8 | K46: 8 | L46: 3 | M46: 350 | N46: 2048 | O46: 2048 | P46: 4194304 | Q46: 64 | R46: 30.5019 | S46: 32.235 | T46: 27.501 | U46: 4.734 | V46: 85.31 | W46: latency x the family's own MIXED 60 s soak (board load / idle)
B47: 8x8 | C47: 731.742 | D47: 128.019 | E47: 174.461 | F47: 30.522 | G47: 859.76 | H47: 204.983 | I47: 2048x2048 | J47: G8 | K47: 8 | L47: 4 | M47: 325 | N47: 2048 | O47: 2048 | P47: 4194304 | Q47: 0 | R47: 23.694 | S47: 36.286 | T47: 30.883 | U47: 5.403 | V47: 85.11 | W47: latency x the family's own MIXED 60 s soak (board load / idle)
B48: 4x24 | C48: 634.663 | D48: 151.64 | E48: 151.315 | F48: 36.154 | G48: 786.303 | H48: 187.469 | I48: 2048x2048 | J48: G8 | K48: 8 | L48: 5 | M48: 300 | N48: 2048 | O48: 2048 | P48: 4194304 | Q48: 256 | R48: 19.4485 | S48: 40.43 | T48: 32.633 | U48: 7.797 | V48: 80.71 | W48: latency x the family's own MIXED 60 s soak (board load / idle)
B49: 4x32 | C49: 516.817 | D49: 131.713 | E49: 123.219 | F49: 31.403 | G49: 648.53 | H49: 154.622 | I49: 2048x2048 | J49: G8 | K49: 8 | L49: 6 | M49: 250 | N49: 2048 | O49: 2048 | P49: 4194304 | Q49: 0 | R49: 15.3422 | S49: 42.271 | T49: 33.686 | U49: 8.585 | V49: 79.69 | W49: latency x the family's own MIXED 60 s soak (board load / idle)
A50: 4096x4096 | B50: 4x4 | C50: 7835.423 | D50: 654.143 | E50: 467.028 | F50: 38.99 | G50: 8489.565 | H50: 506.018 | I50: 4096x4096 | J50: G9 | K50: 9 | L50: 1 | M50: 400 | N50: 4096 | O50: 4096 | P50: 16777216 | Q50: 0 | R50: 310.609 | S50: 27.332 | T50: 25.226 | U50: 2.106 | V50: 92.29 | W50: latency x the family's own MIXED 60 s soak (board load / idle)
B51: 8x4 | C51: 4466.549 | D51: 526.827 | E51: 266.227 | F51: 31.401 | G51: 4993.376 | H51: 297.628 | I51: 4096x4096 | J51: G9 | K51: 9 | L51: 2 | M51: 375 | N51: 4096 | O51: 4096 | P51: 16777216 | Q51: 0 | R51: 167.6192 | S51: 29.79 | T51: 26.647 | U51: 3.143 | V51: 89.45 | W51: latency x the family's own MIXED 60 s soak (board load / idle)
B52: 16x3 | C52: 3322.135 | D52: 571.87 | E52: 198.015 | F52: 34.086 | G52: 3894.004 | H52: 232.101 | I52: 4096x4096 | J52: G9 | K52: 9 | L52: 3 | M52: 350 | N52: 4096 | O52: 4096 | P52: 16777216 | Q52: 128 | R52: 120.8005 | S52: 32.235 | T52: 27.501 | U52: 4.734 | V52: 85.31 | W52: latency x the family's own MIXED 60 s soak (board load / idle)
B53: 8x8 | C53: 2930.089 | D53: 512.621 | E53: 174.647 | F53: 30.555 | G53: 3442.71 | H53: 205.202 | I53: 4096x4096 | J53: G9 | K53: 9 | L53: 4 | M53: 325 | N53: 4096 | O53: 4096 | P53: 16777216 | Q53: 0 | R53: 94.8771 | S53: 36.286 | T53: 30.883 | U53: 5.403 | V53: 85.11 | W53: latency x the family's own MIXED 60 s soak (board load / idle)
B54: 4x24 | C54: 2326.188 | D54: 555.796 | E54: 138.652 | F54: 33.128 | G54: 2881.984 | H54: 171.78 | I54: 4096x4096 | J54: G9 | K54: 9 | L54: 5 | M54: 300 | N54: 4096 | O54: 4096 | P54: 16777216 | Q54: 128 | R54: 71.2833 | S54: 40.43 | T54: 32.633 | U54: 7.797 | V54: 80.71 | W54: latency x the family's own MIXED 60 s soak (board load / idle)
B55: 4x32 | C55: 2075.809 | D55: 529.027 | E55: 123.728 | F55: 31.532 | G55: 2604.836 | H55: 155.26 | I55: 4096x4096 | J55: G9 | K55: 9 | L55: 6 | M55: 250 | N55: 4096 | O55: 4096 | P55: 16777216 | Q55: 0 | R55: 61.6223 | S55: 42.271 | T55: 33.686 | U55: 8.585 | V55: 79.69 | W55: latency x the family's own MIXED 60 s soak (board load / idle)
A56: 8192x2048 | B56: 4x4 | C56: 7795.041 | D56: 650.771 | E56: 464.621 | F56: 38.789 | G56: 8445.812 | H56: 503.41 | I56: 8192x2048 | J56: G10 | K56: 10 | L56: 1 | M56: 400 | N56: 8192 | O56: 2048 | P56: 16777216 | Q56: 0 | R56: 309.0082 | S56: 27.332 | T56: 25.226 | U56: 2.106 | V56: 92.29 | W56: latency x the family's own MIXED 60 s soak (board load / idle)
B57: 8x4 | C57: 4444.525 | D57: 524.229 | E57: 264.914 | F57: 31.247 | G57: 4968.755 | H57: 296.161 | I57: 8192x2048 | J57: G10 | K57: 10 | L57: 2 | M57: 375 | N57: 8192 | O57: 2048 | P57: 16777216 | Q57: 0 | R57: 166.7927 | S57: 29.79 | T57: 26.647 | U57: 3.143 | V57: 89.45 | W57: latency x the family's own MIXED 60 s soak (board load / idle)
B58: 16x3 | C58: 3217.647 | D58: 553.883 | E58: 191.787 | F58: 33.014 | G58: 3771.53 | H58: 224.801 | I58: 8192x2048 | J58: G10 | K58: 10 | L58: 3 | M58: 350 | N58: 8192 | O58: 2048 | P58: 16777216 | Q58: 64 | R58: 117.0011 | S58: 32.235 | T58: 27.501 | U58: 4.734 | V58: 85.31 | W58: latency x the family's own MIXED 60 s soak (board load / idle)
B59: 8x8 | C59: 2920.957 | D59: 511.023 | E59: 174.103 | F59: 30.459 | G59: 3431.981 | H59: 204.562 | I59: 8192x2048 | J59: G10 | K59: 10 | L59: 4 | M59: 325 | N59: 8192 | O59: 2048 | P59: 16777216 | Q59: 0 | R59: 94.5814 | S59: 36.286 | T59: 30.883 | U59: 5.403 | V59: 85.11 | W59: latency x the family's own MIXED 60 s soak (board load / idle)
B60: 4x24 | C60: 2342.537 | D60: 559.702 | E60: 139.626 | F60: 33.361 | G60: 2902.239 | H60: 172.987 | I60: 8192x2048 | J60: G10 | K60: 10 | L60: 5 | M60: 300 | N60: 8192 | O60: 2048 | P60: 16777216 | Q60: 256 | R60: 71.7843 | S60: 40.43 | T60: 32.633 | U60: 7.797 | V60: 80.71 | W60: latency x the family's own MIXED 60 s soak (board load / idle)
B61: 4x32 | C61: 2068.455 | D61: 527.153 | E61: 123.29 | F61: 31.421 | G61: 2595.608 | H61: 154.71 | I61: 8192x2048 | J61: G10 | K61: 10 | L61: 6 | M61: 250 | N61: 8192 | O61: 2048 | P61: 16777216 | Q61: 0 | R61: 61.404 | S61: 42.271 | T61: 33.686 | U61: 8.585 | V61: 79.69 | W61: latency x the family's own MIXED 60 s soak (board load / idle)
A62: 2048x8192 | B62: 4x4 | C62: 7806.176 | D62: 651.701 | E62: 465.284 | F62: 38.844 | G62: 8457.876 | H62: 504.129 | I62: 2048x8192 | J62: G11 | K62: 11 | L62: 1 | M62: 400 | N62: 2048 | O62: 8192 | P62: 16777216 | Q62: 0 | R62: 309.4496 | S62: 27.332 | T62: 25.226 | U62: 2.106 | V62: 92.29 | W62: latency x the family's own MIXED 60 s soak (board load / idle)
B63: 8x4 | C63: 4415.24 | D63: 520.775 | E63: 263.169 | F63: 31.041 | G63: 4936.015 | H63: 294.209 | I63: 2048x8192 | J63: G11 | K63: 11 | L63: 2 | M63: 375 | N63: 2048 | O63: 8192 | P63: 16777216 | Q63: 0 | R63: 165.6937 | S63: 29.79 | T63: 26.647 | U63: 3.143 | V63: 89.45 | W63: latency x the family's own MIXED 60 s soak (board load / idle)
B64: 16x3 | C64: 3334.128 | D64: 573.934 | E64: 198.729 | F64: 34.209 | G64: 3908.062 | H64: 232.939 | I64: 2048x8192 | J64: G11 | K64: 11 | L64: 3 | M64: 350 | N64: 2048 | O64: 8192 | P64: 16777216 | Q64: 64 | R64: 121.2366 | S64: 32.235 | T64: 27.501 | U64: 4.734 | V64: 85.31 | W64: latency x the family's own MIXED 60 s soak (board load / idle)
B65: 8x8 | C65: 2938.768 | D65: 514.139 | E65: 175.164 | F65: 30.645 | G65: 3452.907 | H65: 205.809 | I65: 2048x8192 | J65: G11 | K65: 11 | L65: 4 | M65: 325 | N65: 2048 | O65: 8192 | P65: 16777216 | Q65: 0 | R65: 95.1581 | S65: 36.286 | T65: 30.883 | U65: 5.403 | V65: 85.11 | W65: latency x the family's own MIXED 60 s soak (board load / idle)
B66: 4x24 | C66: 2495.844 | D66: 596.332 | E66: 148.764 | F66: 35.544 | G66: 3092.175 | H66: 184.308 | I66: 2048x8192 | J66: G11 | K66: 11 | L66: 5 | M66: 300 | N66: 2048 | O66: 8192 | P66: 16777216 | Q66: 256 | R66: 76.4822 | S66: 40.43 | T66: 32.633 | U66: 7.797 | V66: 80.71 | W66: latency x the family's own MIXED 60 s soak (board load / idle)
B67: 4x32 | C67: 2076.415 | D67: 529.182 | E67: 123.764 | F67: 31.542 | G67: 2605.597 | H67: 155.306 | I67: 2048x8192 | J67: G11 | K67: 11 | L67: 6 | M67: 250 | N67: 2048 | O67: 8192 | P67: 16777216 | Q67: 0 | R67: 61.6403 | S67: 42.271 | T67: 33.686 | U67: 8.585 | V67: 79.69 | W67: latency x the family's own MIXED 60 s soak (board load / idle)

Sheet Family Utilization
A1: family | B1: config | C1: blocks_total | D1: lut_util_pct | E1: ff_util_pct | F1: bram_util_pct | G1: dsp_util_pct | H1: hbm_channel_util_pct | I1: lut_used | J1: ff_used | K1: bram_used | L1: dsp_used | M1: hbm_channels_used | N1: lut_available | O1: ff_available | P1: bram_available | Q1: dsp_available | R1: hbm_channels_available | S1: platform_lut | T1: kernels_lut | U1: engine_dsp | V1: report_dir
A2: 4x4 (T=16) | B2: 4x4 | C2: 16 | D2: 10.44 | E2: 7.73 | F2: 15.85 | G2: 1.46 | H2: 18.75 | I2: 136008 | J2: 201446 | K2: 319.5 | L2: 132 | M2: 6 | N2: 1302720 | O2: 2607360 | P2: 2016 | Q2: 9024 | R2: 32 | S2: 108367 | T2: 27663 | U2: 128 | V2: reports_4x4_400_slr0
A3: 8x4 (T=32) | B3: 8x4 | C3: 32 | D3: 12.66 | E3: 9.37 | F3: 19.1 | G3: 2.88 | H3: 31.25 | I3: 164951 | J3: 244328 | K3: 385 | L3: 260 | M3: 10 | N3: 1302720 | O3: 2607360 | P3: 2016 | Q3: 9024 | R3: 32 | S3: 113619 | T3: 51369 | U3: 256 | V3: reports_8x4_375
A4: 16x3 (T=48) | B4: 16x3 | C4: 48 | D4: 14.9 | E4: 11 | F4: 22.57 | G4: 4.3 | H4: 40.625 | I4: 194167 | J4: 286698 | K4: 455 | L4: 388 | M4: 13 | N4: 1302720 | O4: 2607360 | P4: 2016 | Q4: 9024 | R4: 32 | S4: 117826 | T4: 76397 | U4: 384 | V4: reports_16x3_350_missed
A5: 8x8 (T=64) | B5: 8x8 | C5: 64 | D5: 16.83 | E5: 12.61 | F5: 26.02 | G5: 5.72 | H5: 53.125 | I5: 219205 | J5: 328755 | K5: 524.5 | L5: 516 | M5: 17 | N5: 1302720 | O5: 2607360 | P5: 2016 | Q5: 9024 | R5: 32 | S5: 123857 | T5: 95408 | U5: 512 | V5: reports_325
A6: 4x24 (T=96) | B6: 4x24 | C6: 96 | D6: 20.62 | E6: 15.65 | F6: 32.84 | G6: 8.55 | H6: 75 | I6: 268592 | J6: 408136 | K6: 662 | L6: 772 | M6: 24 | N6: 1302720 | O6: 2607360 | P6: 2016 | Q6: 9024 | R6: 32 | S6: 133427 | T6: 135243 | U6: 768 | V6: reports_4x24_300
A7: 4x32 (T=128) | B7: 4x32 | C7: 128 | D7: 25.08 | E7: 19.56 | F7: 39.83 | G7: 11.39 | H7: 100 | I7: 326752 | J7: 509949 | K7: 803 | L7: 1028 | M7: 32 | N7: 1302720 | O7: 2607360 | P7: 2016 | Q7: 9024 | R7: 32 | S7: 149164 | T7: 177696 | U7: 1024 | V7: reports_4x32_250

Sheet Family Measured
A1: family | B1: config | C1: cores | D1: blocks | E1: blocks_total | F1: dsps | G1: hbm_pcs | H1: host_cus | I1: macs_per_beat | J1: freq_ooc_fmax_mhz | K1: freq_closed_mhz | L1: freq_achieved_mhz | M1: freq_closed_over_ooc | N1: ss_overhead_us | O1: ss_overhead_se_us | P1: ss_gflops_act_ceiling | Q1: soak_board_W_2to4 | R1: soak_board_W_2to8 | S1: soak_board_W_2to16 | T1: soak_board_W_2to32 | U1: soak_board_W_MIXED | V1: ss_gflops_eff_2to4 | W1: ss_gflops_eff_2to8 | X1: ss_gflops_eff_2to16 | Y1: ss_gflops_eff_2to32 | Z1: ss_gflops_eff_MIXED | AA1: ss_gflops_act_2to4 | AB1: ss_gflops_act_2to8 | AC1: ss_gflops_act_2to16 | AD1: ss_gflops_act_2to32 | AE1: ss_gflops_act_MIXED | AF1: ss_efficiency_pct_2to4 | AG1: ss_efficiency_pct_2to8 | AH1: ss_efficiency_pct_2to16 | AI1: ss_efficiency_pct_2to32 | AJ1: ss_efficiency_pct_MIXED | AK1: ss_effective_mhz_2to4 | AL1: ss_effective_mhz_2to8 | AM1: ss_effective_mhz_2to16 | AN1: ss_effective_mhz_2to32 | AO1: ss_effective_mhz_MIXED | AP1: soak_energy_nJ_row_2to4 | AQ1: soak_energy_nJ_row_2to8 | AR1: soak_energy_nJ_row_2to16 | AS1: soak_energy_nJ_row_2to32 | AT1: soak_energy_nJ_row_MIXED | AU1: ss_gflops_per_W_2to4 | AV1: ss_gflops_per_W_2to8 | AW1: ss_gflops_per_W_2to16 | AX1: ss_gflops_per_W_2to32 | AY1: ss_gflops_per_W_MIXED | AZ1: soak_vccint_W_2to4 | BA1: soak_vccint_W_2to8 | BB1: soak_vccint_W_2to16 | BC1: soak_vccint_W_2to32 | BD1: soak_vccint_W_MIXED | BE1: soak_core_dyn_W_2to4 | BF1: soak_core_dyn_W_2to8 | BG1: soak_core_dyn_W_2to16 | BH1: soak_core_dyn_W_2to32 | BI1: soak_core_dyn_W_MIXED | BJ1: avg3_mrow_s_2to4 | BK1: avg3_mrow_s_2to8 | BL1: avg3_mrow_s_2to16 | BM1: avg3_mrow_s_2to32 | BN1: avg3_mrow_s_MIXED | BO1: avg3_gflops_eff_2to4 | BP1: avg3_gflops_eff_2to8 | BQ1: avg3_gflops_eff_2to16 | BR1: avg3_gflops_eff_2to32 | BS1: avg3_gflops_eff_MIXED | BT1: ss_gmac_act_per_pc_2to4 | BU1: ss_gmac_act_per_pc_2to8 | BV1: ss_gmac_act_per_pc_2to16 | BW1: ss_gmac_act_per_pc_2to32 | BX1: ss_gmac_act_per_pc_MIXED | BY1: ss_gflops_act_per_W_2to4 | BZ1: ss_gflops_act_per_W_2to8 | CA1: ss_gflops_act_per_W_2to16 | CB1: ss_gflops_act_per_W_2to32 | CC1: ss_gflops_act_per_W_MIXED | CD1: ss_bandwidth_GBs_2to4 | CE1: ss_bandwidth_GBs_2to8 | CF1: ss_bandwidth_GBs_2to16 | CG1: ss_bandwidth_GBs_2to32 | CH1: ss_bandwidth_GBs_MIXED | CI1: hbm_input_pcs | CJ1: bandwidth_ceiling_GBs | CK1: gmac_per_pc_theory
A2: 4x4 (T=16) | B2: 4x4 | C2: 4 | D2: 4 | E2: 16 | F2: 128 | G2: 6 | H2: 6 | I2: 32 | J2: 619.6 | K2: 400 | L2: 403.6 | M2: 0.646 | N2: 325.1 | O2: 12.9 | P2: 25.6 | Q2: 27.729 | R2: 27.458 | S2: 27.602 | T2: 27.472 | U2: 27.332 | V2: 50.6 | W2: 101.1 | X2: 200.82 | Y2: 396.41 | Z2: 107.64 | AA2: 25.3 | AB2: 25.28 | AC2: 25.1 | AD2: 24.78 | AE2: 25.23 | AF2: 98.83 | AG2: 98.73 | AH2: 98.06 | AI2: 96.78 | AJ2: 98.55 | AK2: 395.3 | AL2: 394.9 | AM2: 392.2 | AN2: 387.1 | AO2: 394.2 | AP2: 1163.03 | AQ2: 577.26 | AR2: 291.78 | AS2: 147.59 | AT2: 541.53 | AU2: 1.82 | AV2: 3.68 | AW2: 7.28 | AX2: 14.43 | AY2: 3.94 | AZ2: 6.42 | BA2: 6.425 | BB2: 6.355 | BC2: 6.293 | BD2: 6.239 | BE2: 0.284 | BF2: 0.314 | BG2: 0.334 | BH2: 0.295 | BI2: 0.265 | BJ2: 23.194 | BK2: 46.427 | BL2: 91.71 | BM2: 181.351 | BN2: 49.426 | BO2: 47.5 | BP2: 95.08 | BQ2: 187.82 | BR2: 371.41 | BS2: 101.22 | BT2: 2.108 | BU2: 2.106 | BV2: 2.092 | BW2: 2.065 | BX2: 2.102 | BY2: 0.912 | BZ2: 0.921 | CA2: 0.909 | CB2: 0.902 | CC2: 0.923 | CD2: 37.95 | CE2: 37.91 | CF2: 37.65 | CG2: 37.16 | CH2: 37.84 | CI2: 3 | CJ2: 38.4 | CK2: 2.133
A3: 8x4 (T=32) | B3: 8x4 | C3: 8 | D3: 4 | E3: 32 | F3: 256 | G3: 10 | H3: 10 | I3: 64 | J3: 559.9 | K3: 375 | L3: 383.8 | M3: 0.67 | N3: 518.6 | O3: 10.3 | P3: 48 | Q3: 29.882 | R3: 29.975 | S3: 30.002 | T3: 29.833 | U3: 29.79 | V3: 95.08 | W3: 190.57 | X3: 376.63 | Y3: 746.93 | Z3: 202.35 | AA3: 47.54 | AB3: 47.64 | AC3: 47.08 | AD3: 46.68 | AE3: 47.43 | AF3: 99.04 | AG3: 99.25 | AH3: 98.08 | AI3: 97.26 | AJ3: 98.8 | AK3: 371.4 | AL3: 372.2 | AM3: 367.8 | AN3: 364.7 | AO3: 370.5 | AP3: 678.66 | AQ3: 339.36 | AR3: 172.37 | AS3: 86.76 | AT3: 319.82 | AU3: 3.18 | AV3: 6.36 | AW3: 12.55 | AX3: 25.04 | AY3: 6.79 | AZ3: 6.914 | BA3: 7.131 | BB3: 7.222 | BC3: 7.14 | BD3: 7.051 | BE3: 0.39 | BF3: 0.507 | BG3: 0.626 | BH3: 0.637 | BI3: 0.498 | BJ3: 42.678 | BK3: 84.864 | BL3: 168.419 | BM3: 331.859 | BN3: 89.981 | BO3: 87.41 | BP3: 173.8 | BQ3: 344.92 | BR3: 679.65 | BS3: 184.28 | BT3: 2.377 | BU3: 2.382 | BV3: 2.354 | BW3: 2.334 | BX3: 2.371 | BY3: 1.591 | BZ3: 1.589 | CA3: 1.569 | CB3: 1.565 | CC3: 1.592 | CD3: 71.31 | CE3: 71.46 | CF3: 70.62 | CG3: 70.02 | CH3: 71.14 | CI3: 6 | CJ3: 72 | CK3: 2.4
A4: 16x3 (T=48) | B4: 16x3 | C4: 16 | D4: 3 | E4: 48 | F4: 384 | G4: 13 | H4: 13 | I4: 96 | J4: 501.8 | K4: 350 | L4: 351 | M4: 0.697 | N4: 595.6 | O4: 22.1 | P4: 67.2 | Q4: 32.23 | R4: 31.926 | S4: 32.34 | T4: 32.449 | U4: 32.235 | V4: 131.23 | W4: 261.11 | X4: 519.6 | Y4: 1027.03 | Z4: 270.27 | AA4: 66.37 | AB4: 66.03 | AC4: 65.69 | AD4: 64.93 | AE4: 66.2 | AF4: 98.76 | AG4: 98.25 | AH4: 97.76 | AI4: 96.62 | AJ4: 98.51 | AK4: 345.7 | AL4: 343.9 | AM4: 342.2 | AN4: 338.2 | AO4: 344.8 | AP4: 525.76 | AQ4: 261.6 | AR4: 133.23 | AS4: 67.59 | AT4: 248.58 | AU4: 4.07 | AV4: 8.18 | AW4: 16.07 | AX4: 31.65 | AY4: 8.38 | AZ4: 7.785 | BA4: 7.835 | BB4: 7.853 | BC4: 7.829 | BD4: 7.794 | BE4: 0.606 | BF4: 0.693 | BG4: 0.713 | BH4: 0.666 | BI4: 0.723 | BJ4: 58.721 | BK4: 117.98 | BL4: 231.307 | BM4: 460.48 | BN4: 123.051 | BO4: 120.26 | BP4: 241.62 | BQ4: 473.72 | BR4: 943.06 | BS4: 252.01 | BT4: 2.553 | BU4: 2.539 | BV4: 2.527 | BW4: 2.497 | BX4: 2.546 | BY4: 2.059 | BZ4: 2.068 | CA4: 2.031 | CB4: 2.001 | CC4: 2.054 | CD4: 88.49 | CE4: 88.04 | CF4: 87.59 | CG4: 86.57 | CH4: 88.26 | CI4: 8 | CJ4: 89.6 | CK4: 2.585
A5: 8x8 (T=64) | B5: 8x8 | C5: 8 | D5: 8 | E5: 64 | F5: 512 | G5: 17 | H5: 17 | I5: 128 | J5: 448.6 | K5: 325 | L5: 325.1 | M5: 0.724 | N5: 799.1 | O5: 12.4 | P5: 83.2 | Q5: 36.409 | R5: 35.396 | S5: 36.606 | T5: 35.827 | U5: 36.286 | V5: 164.69 | W5: 329.63 | X5: 654.52 | Y5: 1291.33 | Z5: 350.93 | AA5: 82.35 | AB5: 82.41 | AC5: 81.81 | AD5: 80.71 | AE5: 82.25 | AF5: 98.97 | AG5: 99.05 | AH5: 98.33 | AI5: 97.01 | AJ5: 98.86 | AK5: 321.7 | AL5: 321.9 | AM5: 319.6 | AN5: 315.3 | AO5: 321.3 | AP5: 483.85 | AQ5: 237.31 | AR5: 123.42 | AS5: 61.05 | AT5: 227.77 | AU5: 4.52 | AV5: 9.31 | AW5: 17.88 | AX5: 36.04 | AY5: 9.67 | AZ5: 8.321 | BA5: 8.306 | BB5: 8.333 | BC5: 8.378 | BD5: 8.32 | BE5: 0.819 | BF5: 0.812 | BG5: 0.819 | BH5: 0.854 | BI5: 0.716 | BJ5: 71.278 | BK5: 143.333 | BL5: 286.434 | BM5: 559.725 | BN5: 150.73 | BO5: 145.98 | BP5: 293.55 | BQ5: 586.62 | BR5: 1146.32 | BS5: 308.69 | BT5: 2.422 | BU5: 2.424 | BV5: 2.406 | BW5: 2.374 | BX5: 2.419 | BY5: 2.262 | BZ5: 2.328 | CA5: 2.235 | CB5: 2.253 | CC5: 2.267 | CD5: 113.23 | CE5: 113.31 | CF5: 112.5 | CG5: 110.97 | CH5: 113.09 | CI5: 11 | CJ5: 114.4 | CK5: 2.447
A6: 4x24 (T=96) | B6: 4x24 | C6: 4 | D6: 24 | E6: 96 | F6: 768 | G6: 24 | H6: 24 | I6: 192 | J6: 407.3 | K6: 300 | L6: 300.2 | M6: 0.737 | N6: 1111.7 | O6: 30.4 | P6: 115.2 | Q6: 39.653 | R6: 39.94 | S6: 39.964 | T6: 38.963 | U6: 40.43 | V6: 223.58 | W6: 443.29 | X6: 885.87 | Y6: 1744.68 | Z6: 445.58 | AA6: 114.51 | AB6: 113.52 | AC6: 113.43 | AD6: 111.69 | AE6: 114.05 | AF6: 99.4 | AG6: 98.54 | AH6: 98.46 | AI6: 96.96 | AJ6: 99 | AK6: 298.2 | AL6: 295.6 | AM6: 295.4 | AN6: 290.9 | AO6: 297 | AP6: 383.2 | AQ6: 193.96 | AR6: 98.25 | AS6: 48.72 | AT6: 187.85 | AU6: 5.64 | AV6: 11.1 | AW6: 22.17 | AX6: 44.78 | AY6: 11.02 | AZ6: 9.276 | BA6: 9.447 | BB6: 9.458 | BC6: 9.439 | BD6: 9.351 | BE6: 1.006 | BF6: 1.101 | BG6: 1.217 | BH6: 1.173 | BI6: 1.039 | BJ6: 96.801 | BK6: 192.927 | BL6: 379.857 | BM6: 751.36 | BN6: 205.593 | BO6: 198.25 | BP6: 395.11 | BQ6: 777.95 | BR6: 1538.79 | BS6: 421.05 | BT6: 2.386 | BU6: 2.365 | BV6: 2.363 | BW6: 2.327 | BX6: 2.376 | BY6: 2.888 | BZ6: 2.842 | CA6: 2.838 | CB6: 2.867 | CC6: 2.821 | CD6: 152.68 | CE6: 151.35 | CF6: 151.23 | CG6: 148.92 | CH6: 152.06 | CI6: 16 | CJ6: 153.6 | CK6: 2.4
A7: 4x32 (T=128) | B7: 4x32 | C7: 4 | D7: 32 | E7: 128 | F7: 1024 | G7: 32 | H7: 32 | I7: 256 | J7: 355.4 | K7: 250 | L7: 250.1 | M7: 0.703 | N7: 1512.2 | O7: 24.4 | P7: 128 | Q7: 41.751 | R7: 41.744 | S7: 41.762 | T7: 41.651 | U7: 42.271 | V7: 254.8 | W7: 508.75 | X7: 1010.99 | Y7: 1996.49 | Z7: 515.35 | AA7: 127.4 | AB7: 127.19 | AC7: 126.37 | AD7: 124.78 | AE7: 127.27 | AF7: 99.53 | AG7: 99.37 | AH7: 98.73 | AI7: 97.48 | AJ7: 99.43 | AK7: 248.8 | AL7: 248.4 | AM7: 246.8 | AN7: 243.7 | AO7: 248.6 | AP7: 369.57 | AQ7: 184.95 | AR7: 93.24 | AS7: 47.16 | AT7: 177.52 | AU7: 6.1 | AV7: 12.19 | AW7: 24.21 | AX7: 47.93 | AY7: 12.19 | AZ7: 10.047 | BA7: 10.077 | BB7: 10.223 | BC7: 10.242 | BD7: 10.132 | BE7: 1.529 | BF7: 1.438 | BG7: 1.595 | BH7: 1.614 | BI7: 1.483 | BJ7: 105.483 | BK7: 211.567 | BL7: 420.852 | BM7: 830.734 | BN7: 222.25 | BO7: 216.03 | BP7: 433.29 | BQ7: 861.91 | BR7: 1701.34 | BS7: 455.17 | BT7: 1.991 | BU7: 1.987 | BV7: 1.975 | BW7: 1.95 | BX7: 1.989 | BY7: 3.051 | BZ7: 3.047 | CA7: 3.026 | CB7: 2.996 | CC7: 3.011 | CD7: 175.18 | CE7: 174.88 | CF7: 173.76 | CG7: 171.57 | CH7: 175 | CI7: 22 | CJ7: 176 | CK7: 2

Sheet Family Hardware
A1: config | B1: family | C1: role | D1: floorplan | E1: cores | F1: blocks | G1: blocks_total | H1: macs_per_cycle | I1: dsps_theory | J1: hbm_pcs | K1: w_pcs | L1: ind_pcs | M1: a_pcs | N1: c_pcs | O1: spare_pcs | P1: w_idx | Q1: ind_bits | R1: target_mhz | S1: period_ns | T1: timing_source | U1: kernel_wns_ns | V1: kernel_tns_ns | W1: kernel_failing_endpoints | X1: kernel_total_endpoints | Y1: kernel_whs_ns | Z1: kernel_wns_routed_ns | AA1: kernel_fail_routed | AB1: physopt_gain_ps | AC1: hbm_wns_ns | AD1: hbm_failing_endpoints | AE1: closed | AF1: achieved_mhz | AG1: fmax_kind | AH1: ooc_fmax_mhz | AI1: target_over_ooc | AJ1: gemv_lut | AK1: gemv_lutram | AL1: gemv_ff | AM1: gemv_bram | AN1: gemv_dsp | AO1: mm2s_count | AP1: mm2s_lut | AQ1: mm2s_ff | AR1: mm2s_bram | AS1: s2mm_count | AT1: s2mm_lut | AU1: s2mm_ff | AV1: s2mm_bram | AW1: movers_lut | AX1: gemv_lut_per_dsp | AY1: engine_die | AZ1: slr0_lut | BA1: slr1_lut | BB1: slr2_lut | BC1: slr0_bram | BD1: slr1_bram | BE1: slr2_bram | BF1: slr0_bram_pct | BG1: slr0_dsp | BH1: slr1_dsp | BI1: slr2_dsp | BJ1: sll_total | BK1: sll_slr0_slr1 | BL1: sll_slr1_slr2 | BM1: sll_slr0_to_slr1 | BN1: sll_slr1_to_slr0 | BO1: gmac_per_s | BP1: gmac_per_hbm_pc | BQ1: dsps_per_hbm_pc | BR1: report_dir | BS1: note
A2: 4x4 | B2: T=16 | C2: headline | D2: SLR0 | E2: 4 | F2: 4 | G2: 16 | H2: 32 | I2: 128 | J2: 6 | K2: 2 | L2: 1 | M2: 2 | N2: 1 | O2: 26 | P2: 8 | Q2: 160 | R2: 400 | S2: 2.5 | T2: postroute_physopted | U2: 0.022 | V2: 0 | W2: 0 | X2: 120197 | Y2: 0.01 | Z2: 0.022 | AA2: 0 | AB2: 0 | AC2: 0.109 | AD2: 0 | AE2: yes | AF2: 403.6 | AG2: lower_bound | AH2: 619.6 | AI2: 0.646 | AJ2: 17977 | AK2: 1440 | AL2: 22385 | AM2: 31 | AN2: 128 | AO2: 5 | AP2: 7641 | AQ2: 14177 | AR2: 68 | AS2: 1 | AT2: 2045 | AU2: 3173 | AV2: 16 | AW2: 9686 | AX2: 140.4 | AY2: SLR0 | AZ2: 52960 | BA2: 47666 | BB2: 35382 | BC2: 145 | BD2: 80.5 | BE2: 94 | BF2: 21.58 | BG2: 128 | BH2: 0 | BI2: 4 | BJ2: 6504 | BK2: 2535 | BL2: 3969 | BM2: 1141 | BN2: 1394 | BO2: 12.8 | BP2: 2.133 | BQ2: 21.33 | BR2: reports_4x4_400_slr0
A3: 8x4 | B3: T=32 | C3: headline | D3: SLR0 | E3: 8 | F3: 4 | G3: 32 | H3: 64 | I3: 256 | J3: 10 | K3: 4 | L3: 2 | M3: 2 | N3: 2 | O3: 22 | P3: 8 | Q3: 320 | R3: 375 | S3: 2.6667 | T3: postroute_physopted | U3: 0.061 | V3: 0 | W3: 0 | X3: 213537 | Y3: 0.01 | Z3: 0.061 | AA3: 0 | AB3: 0 | AC3: 0.122 | AD3: 0 | AE3: yes | AF3: 383.8 | AG3: lower_bound | AH3: 559.9 | AI3: 0.67 | AJ3: 35438 | AK3: 2880 | AL3: 44103 | AM3: 45 | AN3: 256 | AO3: 8 | AP3: 11865 | AQ3: 21781 | AR3: 102 | AS3: 2 | AT3: 4066 | AU3: 6350 | AV3: 32 | AW3: 15931 | AX3: 138.4 | AY3: SLR0 | AZ3: 81921 | BA3: 47671 | BB3: 35359 | BC3: 210.5 | BD3: 80.5 | BE3: 94 | BF3: 31.32 | BG3: 256 | BH3: 0 | BI3: 4 | BJ3: 6516 | BK3: 2546 | BL3: 3970 | BM3: 1150 | BN3: 1396 | BO3: 24 | BP3: 2.4 | BQ3: 25.6 | BR3: reports_8x4_375
A4: 16x3 | B4: T=48 | C4: headline | D4: SLR0 | E4: 16 | F4: 3 | G4: 48 | H4: 96 | I4: 384 | J4: 13 | K4: 6 | L4: 2 | M4: 2 | N4: 3 | O4: 19 | P4: 6 | Q4: 480 | R4: 350 | S4: 2.8571 | T4: postroute_physopted | U4: 0.008 | V4: 0 | W4: 0 | X4: 309535 | Y4: 0.006 | Z4: -0.002 | AA4: 1 | AB4: 10 | AC4: 0.091 | AD4: 0 | AE4: yes | AF4: 351 | AG4: lower_bound | AH4: 501.8 | AI4: 0.697 | AJ4: 54733 | AK4: 4320 | AL4: 67736 | AM4: 60 | AN4: 384 | AO4: 10 | AP4: 15551 | AQ4: 28891 | AR4: 140 | AS4: 3 | AT4: 6113 | AU4: 9536 | AV4: 48 | AW4: 21664 | AX4: 142.5 | AY4: SLR0 | AZ4: 111137 | BA4: 47670 | BB4: 35360 | BC4: 280.5 | BD4: 80.5 | BE4: 94 | BF4: 41.74 | BG4: 384 | BH4: 0 | BI4: 4 | BJ4: 6512 | BK4: 2539 | BL4: 3973 | BM4: 1147 | BN4: 1392 | BO4: 33.6 | BP4: 2.585 | BQ4: 29.54 | BR4: reports_16x3_350_missed | BS4: closed on the FINAL report (+0.008; routed said -0.002); bit-exact on the card
A5: 8x8 | B5: T=64 | C5: headline | D5: split | E5: 8 | F5: 8 | G5: 64 | H5: 128 | I5: 512 | J5: 17 | K5: 8 | L5: 3 | M5: 2 | N5: 4 | O5: 15 | P5: 16 | Q5: 640 | R5: 325 | S5: 3.0769 | T5: postroute_physopted | U5: 0.001 | V5: 0 | W5: 0 | X5: 397573 | Y5: 0.005 | Z5: 0.001 | AA5: 0 | AB5: 0 | AC5: 0.132 | AD5: 0 | AE5: yes | AF5: 325.1 | AG5: lower_bound | AH5: 448.6 | AI5: 0.724 | AJ5: 66176 | AK5: 5759 | AL5: 87243 | AM5: 74 | AN5: 512 | AO5: 13 | AP5: 21074 | AQ5: 36920 | AR5: 176 | AS5: 4 | AT5: 8158 | AU5: 12719 | AV5: 64 | AW5: 29232 | AX5: 129.2 | AY5: SLR1 | AZ5: 69903 | BA5: 113940 | BB5: 35362 | BC5: 276 | BD5: 154.5 | BE5: 94 | BF5: 41.07 | BG5: 0 | BH5: 512 | BI5: 4 | BJ5: 10855 | BK5: 6862 | BL5: 3993 | BM5: 4413 | BN5: 2449 | BO5: 41.6 | BP5: 2.447 | BQ5: 30.12 | BR5: reports_325 | BS5: reused pre-campaign build: split floorplan, NO synthesis strategy applied (run.synth_1 was silently ignored); area comparable -- gemv 66,186 LUT vs 66,183 with AlternateRoutability
A6: 4x24 | B6: T=96 | C6: headline | D6: split | E6: 4 | F6: 24 | G6: 96 | H6: 192 | I6: 768 | J6: 24 | K6: 12 | L6: 4 | M6: 2 | N6: 6 | O6: 8 | P6: 48 | Q6: 960 | R6: 300 | S6: 3.3333 | T6: postroute_physopted | U6: 0.002 | V6: 0 | W6: 0 | X6: 568736 | Y6: 0.01 | Z6: 0.002 | AA6: 0 | AB6: 0 | AC6: 0.046 | AD6: 0 | AE6: yes | AF6: 300.2 | AG6: lower_bound | AH6: 407.3 | AI6: 0.737 | AJ6: 94823 | AK6: 8637 | AL6: 126335 | AM6: 103 | AN6: 768 | AO6: 18 | AP6: 28222 | AQ6: 51734 | AR6: 250 | AS6: 6 | AT6: 12198 | AU6: 19069 | AV6: 96 | AW6: 40420 | AX6: 123.5 | AY6: SLR1 | AZ6: 90632 | BA6: 142604 | BB6: 35356 | BC6: 384.5 | BD6: 183.5 | BE6: 94 | BF6: 57.22 | BG6: 0 | BH6: 768 | BI6: 4 | BJ6: 12775 | BK6: 8774 | BL6: 4001 | BM6: 5803 | BN6: 2971 | BO6: 57.6 | BP6: 2.4 | BQ6: 32 | BR6: reports_4x24_300
A7: 4x32 | B7: T=128 | C7: headline | D7: split | E7: 4 | F7: 32 | G7: 128 | H7: 256 | I7: 1024 | J7: 32 | K7: 16 | L7: 6 | M7: 2 | N7: 8 | O7: 0 | P7: 64 | Q7: 1280 | R7: 250 | S7: 4 | T7: postroute_physopted | U7: 0.001 | V7: 0 | W7: 0 | X7: 758100 | Y7: 0.006 | Z7: 0.001 | AA7: 0 | AB7: 0 | AC7: 0.088 | AD7: 0 | AE7: yes | AF7: 250.1 | AG7: lower_bound | AH7: 355.4 | AI7: 0.703 | AJ7: 125614 | AK7: 11520 | AL7: 167476 | AM7: 133 | AN7: 1024 | AO7: 24 | AP7: 35981 | AQ7: 67403 | AR7: 326 | AS7: 8 | AT7: 16101 | AU7: 25176 | AV7: 128 | AW7: 52082 | AX7: 122.7 | AY7: SLR1 | AZ7: 119628 | BA7: 173294 | BB7: 33830 | BC7: 495.5 | BD7: 213.5 | BE7: 94 | BF7: 73.74 | BG7: 0 | BH7: 1024 | BI7: 4 | BJ7: 15811 | BK7: 11235 | BL7: 4576 | BM7: 7446 | BN7: 3789 | BO7: 64 | BP7: 2 | BQ7: 32 | BR7: reports_4x32_250
A8: 4x4 | B8: T=16 | C8: floorplan_experiment | D8: split | E8: 4 | F8: 4 | G8: 16 | H8: 32 | I8: 128 | J8: 6 | K8: 2 | L8: 1 | M8: 2 | N8: 1 | O8: 26 | P8: 8 | Q8: 160 | R8: 400 | S8: 2.5 | T8: postroute_physopted | U8: -0.03 | V8: -0.722 | W8: 47 | X8: 120406 | Y8: 0.004 | Z8: -0.048 | AA8: 84 | AB8: 18 | AC8: 0.091 | AD8: 0 | AE8: no | AF8: 395.3 | AG8: estimate | AH8: 619.6 | AI8: 0.646 | AJ8: 17988 | AK8: 1440 | AL8: 22390 | AM8: 31 | AN8: 128 | AO8: 5 | AP8: 8324 | AQ8: 14250 | AR8: 68 | AS8: 1 | AT8: 2053 | AU8: 3177 | AV8: 16 | AW8: 10377 | AX8: 140.5 | AY8: SLR1 | AZ8: 35658 | BA8: 65684 | BB8: 35376 | BC8: 114 | BD8: 111.5 | BE8: 94 | BF8: 16.96 | BG8: 0 | BH8: 128 | BI8: 4 | BJ8: 8033 | BK8: 4065 | BL8: 3968 | BM8: 2398 | BN8: 1667 | BQ8: 21.33 | BR8: reports_4x4_400_split | BS8: paired with the SLR0 headline: only the die assignment differs
A9: 8x8 | B9: T=64 | C9: floorplan_experiment | D9: SLR0 | E9: 8 | F9: 8 | G9: 64 | H9: 128 | I9: 512 | J9: 17 | K9: 8 | L9: 3 | M9: 2 | N9: 4 | O9: 15 | P9: 16 | Q9: 640 | R9: 325 | S9: 3.0769 | T9: postroute_physopted | U9: -0.311 | V9: -37.85 | W9: 308 | X9: 397299 | Y9: 0.006 | Z9: -0.338 | AA9: 320 | AB9: 27 | AC9: 0.059 | AD9: 0 | AE9: no | AF9: 295.2 | AG9: estimate | AH9: 448.6 | AI9: 0.724 | AJ9: 66183 | AK9: 5760 | AL9: 87240 | AM9: 74 | AN9: 512 | AO9: 13 | AP9: 19865 | AQ9: 36746 | AR9: 176 | AS9: 4 | AT9: 8190 | AU9: 12753 | AV9: 64 | AW9: 28055 | AX9: 129.3 | AY9: SLR0 | AZ9: 135023 | BA9: 47695 | BB9: 35355 | BC9: 350 | BD9: 80.5 | BE9: 94 | BF9: 52.08 | BG9: 512 | BH9: 0 | BI9: 4 | BJ9: 6569 | BK9: 2574 | BL9: 3995 | BM9: 1174 | BN9: 1400 | BQ9: 30.12 | BR9: reports_8x8_325_slr0_missed | BS9: the crossover: single-die above T=48
A10: 16x3 | B10: T=48 | C10: constraint_experiment | D10: SLR0 | E10: 16 | F10: 3 | G10: 48 | H10: 96 | I10: 384 | J10: 13 | K10: 6 | L10: 2 | M10: 2 | N10: 3 | O10: 19 | P10: 6 | Q10: 480 | R10: 345 | S10: 2.8986 | T10: postroute_physopted | U10: -0.049 | V10: -1.571 | W10: 74 | X10: 309514 | Y10: 0.001 | Z10: -0.091 | AA10: 99 | AB10: 42 | AC10: 0.098 | AD10: 0 | AE10: no | AF10: 339.3 | AG10: estimate | AH10: 501.8 | AI10: 0.688 | AJ10: 54785 | AK10: 4319 | AL10: 67740 | AM10: 60 | AN10: 384 | AO10: 10 | AP10: 15542 | AQ10: 28884 | AR10: 140 | AS10: 3 | AT10: 6106 | AU10: 9523 | AV10: 48 | AW10: 21648 | AX10: 142.7 | AY10: SLR0 | AZ10: 111113 | BA10: 47670 | BB10: 35355 | BC10: 280.5 | BD10: 80.5 | BE10: 94 | BF10: 41.74 | BG10: 384 | BH10: 0 | BI10: 4 | BJ10: 6512 | BK10: 2539 | BL10: 3973 | BM10: 1147 | BN10: 1392 | BQ10: 29.54 | BR10: reports_16x3_345 | BS10: looser than 350 and MISSED, where 350 closed -- achieved period tracks the constraint
A11: 16x3 | B11: T=48 | C11: constraint_experiment | D11: SLR0 | E11: 16 | F11: 3 | G11: 48 | H11: 96 | I11: 384 | J11: 13 | K11: 6 | L11: 2 | M11: 2 | N11: 3 | O11: 19 | P11: 6 | Q11: 480 | R11: 325 | S11: 3.0769 | T11: postroute_physopted | U11: 0.028 | V11: 0 | W11: 0 | X11: 309436 | Y11: 0.01 | Z11: 0.028 | AA11: 0 | AB11: 0 | AC11: 0.081 | AD11: 0 | AE11: yes | AF11: 328 | AG11: lower_bound | AH11: 501.8 | AI11: 0.648 | AJ11: 54649 | AK11: 4320 | AL11: 67720 | AM11: 60 | AN11: 384 | AO11: 10 | AP11: 15574 | AQ11: 28860 | AR11: 140 | AS11: 3 | AT11: 6097 | AU11: 9525 | AV11: 48 | AW11: 21671 | AX11: 142.3 | AY11: SLR0 | AZ11: 111012 | BA11: 47671 | BB11: 35359 | BC11: 280.5 | BD11: 80.5 | BE11: 94 | BF11: 41.74 | BG11: 384 | BH11: 0 | BI11: 4 | BJ11: 6516 | BK11: 2542 | BL11: 3974 | BM11: 1147 | BN11: 1395 | BO11: 31.2 | BP11: 2.4 | BQ11: 29.54 | BR11: reports_16x3_325 | BS11: rebuilt 'to be sure'; unnecessary once the 350 build was read from the final report

Sheet Family Scaling
A1: config | B1: family | C1: cores | D1: blocks | E1: blocks_total | F1: macs_per_cycle | G1: dsps | H1: hbm_pcs | I1: w_pcs | J1: ind_pcs | K1: a_pcs | L1: c_pcs | M1: w_idx | N1: ind_bits | O1: wns_ns | P1: tns_ns | Q1: failing_endpoints | R1: fmax_mhz | S1: lut_prim | T1: ff_prim | U1: muxf7_prim | V1: ramb_prim | W1: lut_per_dsp | X1: ff_per_dsp | Y1: gmac_per_s | Z1: gmac_per_channel | AA1: dsps_per_channel | AB1: spread_mhz | AC1: spread_pct | AD1: dsp_ratio_vs_prev | AE1: gmac_ratio_vs_prev | AF1: scaling_efficiency
A2: 4x4 | B2: T=16 | C2: 4 | D2: 4 | E2: 16 | F2: 32 | G2: 128 | H2: 6 | I2: 2 | J2: 1 | K2: 2 | L2: 1 | M2: 8 | N2: 160 | O2: -0.114 | P2: -1.193 | Q2: 31 | R2: 619.6 | S2: 20477 | T2: 22391 | U2: 2048 | V2: 23 | W2: 160 | X2: 174.9 | Y2: 19.8 | Z2: 3.3 | AA2: 21.3 | AB2: 78.5 | AC2: 14.5
A3: 8x4 | B3: T=32 | C3: 8 | D3: 4 | E3: 32 | F3: 64 | G3: 256 | H3: 10 | I3: 4 | J3: 2 | K3: 2 | L3: 2 | M3: 8 | N3: 320 | O3: -0.286 | P3: -91.28 | Q3: 1583 | R3: 559.9 | S3: 40106 | T3: 44005 | U3: 4096 | V3: 37 | W3: 156.7 | X3: 171.9 | Y3: 35.8 | Z3: 3.58 | AA3: 25.6 | AB3: 76.1 | AC3: 15.7 | AD3: 2 | AE3: 1.808 | AF3: 0.904
A4: 16x3 | B4: T=48 | C4: 16 | D4: 3 | E4: 48 | F4: 96 | G4: 384 | H4: 13 | I4: 6 | J4: 2 | K4: 2 | L4: 3 | M4: 6 | N4: 480 | O4: -0.493 | P4: -1102.591 | Q4: 10986 | R4: 501.8 | S4: 61816 | T4: 67757 | U4: 6144 | V4: 52 | W4: 161 | X4: 176.5 | Y4: 48.2 | Z4: 3.71 | AA4: 29.5 | AB4: 37.3 | AC4: 8 | AD4: 1.5 | AE4: 1.346 | AF4: 0.898
A5: 8x8 | B5: T=64 | C5: 8 | D5: 8 | E5: 64 | F5: 128 | G5: 512 | H5: 17 | I5: 8 | J5: 3 | K5: 2 | L5: 4 | M5: 16 | N5: 640 | O5: -0.729 | P5: -3867.29 | Q5: 20031 | R5: 448.6 | S5: 75197 | T5: 87235 | U5: 8192 | V5: 66 | W5: 146.9 | X5: 170.4 | Y5: 57.4 | Z5: 3.38 | AA5: 30.1 | AB5: 64.3 | AC5: 16.7 | AD5: 1.333 | AE5: 1.191 | AF5: 0.893
A6: 4x24 | B6: T=96 | C6: 4 | D6: 24 | E6: 96 | F6: 192 | G6: 768 | H6: 24 | I6: 12 | J6: 4 | K6: 2 | L6: 6 | M6: 48 | N6: 960 | O6: -0.955 | P6: -6811.946 | Q6: 28342 | R6: 407.3 | S6: 108231 | T6: 126378 | U6: 12288 | V6: 95 | W6: 140.9 | X6: 164.6 | Y6: 78.2 | Z6: 3.26 | AA6: 32 | AB6: 49 | AC6: 13.7 | AD6: 1.5 | AE6: 1.362 | AF6: 0.908
A7: 4x32 | B7: T=128 | C7: 4 | D7: 32 | E7: 128 | F7: 256 | G7: 1024 | H7: 32 | I7: 16 | J7: 6 | K7: 2 | L7: 8 | M7: 64 | N7: 1280 | O7: -1.314 | P7: -17217.439 | Q7: 42177 | R7: 355.4 | S7: 143459 | T7: 167729 | U7: 16384 | V7: 125 | W7: 140.1 | X7: 163.8 | Y7: 91 | Z7: 2.84 | AA7: 32 | AB7: 10.2 | AC7: 3 | AD7: 1.333 | AE7: 1.164 | AF7: 0.873

Sheet Family AllPoints
A1: config | B1: family | C1: cores | D1: blocks | E1: blocks_total | F1: macs_per_cycle | G1: dsps | H1: hbm_pcs | I1: w_pcs | J1: ind_pcs | K1: a_pcs | L1: c_pcs | M1: w_idx | N1: ind_bits | O1: wns_ns | P1: tns_ns | Q1: failing_endpoints | R1: fmax_mhz | S1: lut_prim | T1: ff_prim | U1: muxf7_prim | V1: ramb_prim | W1: lut_per_dsp | X1: ff_per_dsp | Y1: gmac_per_s | Z1: gmac_per_channel | AA1: dsps_per_channel
A2: 4x4 | B2: T=16 | C2: 4 | D2: 4 | E2: 16 | F2: 32 | G2: 128 | H2: 6 | I2: 2 | J2: 1 | K2: 2 | L2: 1 | M2: 8 | N2: 160 | O2: -0.114 | P2: -1.193 | Q2: 31 | R2: 619.6 | S2: 20477 | T2: 22391 | U2: 2048 | V2: 23 | W2: 160 | X2: 174.9 | Y2: 19.8 | Z2: 3.3 | AA2: 21.3
A3: 8x2 | B3: T=16 | C3: 8 | D3: 2 | E3: 16 | F3: 32 | G3: 128 | H3: 6 | I3: 2 | J3: 1 | K3: 2 | L3: 1 | M3: 4 | N3: 160 | O3: -0.204 | P3: -11.342 | Q3: 285 | R3: 586.9 | S3: 22547 | T3: 24460 | U3: 2048 | V3: 23 | W3: 176.1 | X3: 191.1 | Y3: 18.8 | Z3: 3.13 | AA3: 21.3
A4: 16x1 | B4: T=16 | C4: 16 | D4: 1 | E4: 16 | F4: 32 | G4: 128 | H4: 6 | I4: 2 | J4: 1 | K4: 2 | L4: 1 | M4: 2 | N4: 160 | O4: -0.348 | P4: -253.928 | Q4: 4474 | R4: 541.1 | S4: 26718 | T4: 28647 | U4: 2048 | V4: 23 | W4: 208.7 | X4: 223.8 | Y4: 17.3 | Z4: 2.89 | AA4: 21.3
A5: 4x8 | B5: T=32 | C5: 4 | D5: 8 | E5: 32 | F5: 64 | G5: 256 | H5: 10 | I5: 4 | J5: 2 | K5: 2 | L5: 2 | M5: 16 | N5: 320 | O5: -0.567 | P5: -640.216 | Q5: 4502 | R5: 483.8 | S5: 38036 | T5: 43989 | U5: 4096 | V5: 37 | W5: 148.6 | X5: 171.8 | Y5: 31 | Z5: 3.1 | AA5: 25.6
A6: 8x4 | B6: T=32 | C6: 8 | D6: 4 | E6: 32 | F6: 64 | G6: 256 | H6: 10 | I6: 4 | J6: 2 | K6: 2 | L6: 2 | M6: 8 | N6: 320 | O6: -0.286 | P6: -91.28 | Q6: 1583 | R6: 559.9 | S6: 40106 | T6: 44005 | U6: 4096 | V6: 37 | W6: 156.7 | X6: 171.9 | Y6: 35.8 | Z6: 3.58 | AA6: 25.6
A7: 16x2 | B7: T=32 | C7: 16 | D7: 2 | E7: 32 | F7: 64 | G7: 256 | H7: 10 | I7: 4 | J7: 2 | K7: 2 | L7: 2 | M7: 4 | N7: 320 | O7: -0.511 | P7: -992.306 | Q7: 8392 | R7: 497.3 | S7: 44282 | T7: 48209 | U7: 4096 | V7: 37 | W7: 173 | X7: 188.3 | Y7: 31.8 | Z7: 3.18 | AA7: 25.6
A8: 4x12 | B8: T=48 | C8: 4 | D8: 12 | E8: 48 | F8: 96 | G8: 384 | H8: 13 | I8: 6 | J8: 2 | K8: 2 | L8: 3 | M8: 24 | N8: 480 | O8: -0.559 | P8: -503.393 | Q8: 4849 | R8: 485.7 | S8: 55548 | T8: 63510 | U8: 6144 | V8: 52 | W8: 144.7 | X8: 165.4 | Y8: 46.6 | Z8: 3.59 | AA8: 29.5
A9: 8x6 | B9: T=48 | C9: 8 | D9: 6 | E9: 48 | F9: 96 | G9: 384 | H9: 13 | I9: 6 | J9: 2 | K9: 2 | L9: 3 | M9: 12 | N9: 480 | O9: -0.653 | P9: -352.321 | Q9: 4380 | R9: 464.5 | S9: 57637 | T9: 63550 | U9: 6144 | V9: 52 | W9: 150.1 | X9: 165.5 | Y9: 44.6 | Z9: 3.43 | AA9: 29.5
A10: 16x3 | B10: T=48 | C10: 16 | D10: 3 | E10: 48 | F10: 96 | G10: 384 | H10: 13 | I10: 6 | J10: 2 | K10: 2 | L10: 3 | M10: 6 | N10: 480 | O10: -0.493 | P10: -1102.591 | Q10: 10986 | R10: 501.8 | S10: 61816 | T10: 67757 | U10: 6144 | V10: 52 | W10: 161 | X10: 176.5 | Y10: 48.2 | Z10: 3.71 | AA10: 29.5
A11: 4x16 | B11: T=64 | C11: 4 | D11: 16 | E11: 64 | F11: 128 | G11: 512 | H11: 17 | I11: 8 | J11: 3 | K11: 2 | L11: 4 | M11: 32 | N11: 640 | O11: -0.731 | P11: -2369.531 | Q11: 13016 | R11: 448.2 | S11: 73131 | T11: 85213 | U11: 8192 | V11: 66 | W11: 142.8 | X11: 166.4 | Y11: 57.4 | Z11: 3.37 | AA11: 30.1
A12: 8x8 | B12: T=64 | C12: 8 | D12: 8 | E12: 64 | F12: 128 | G12: 512 | H12: 17 | I12: 8 | J12: 3 | K12: 2 | L12: 4 | M12: 16 | N12: 640 | O12: -0.729 | P12: -3867.29 | Q12: 20031 | R12: 448.6 | S12: 75197 | T12: 87235 | U12: 8192 | V12: 66 | W12: 146.9 | X12: 170.4 | Y12: 57.4 | Z12: 3.38 | AA12: 30.1
A13: 16x4 | B13: T=64 | C13: 16 | D13: 4 | E13: 64 | F13: 128 | G13: 512 | H13: 17 | I13: 8 | J13: 3 | K13: 2 | L13: 4 | M13: 8 | N13: 640 | O13: -1.102 | P13: -7005.172 | Q13: 23609 | R13: 384.3 | S13: 79429 | T13: 87382 | U13: 8192 | V13: 66 | W13: 155.1 | X13: 170.7 | Y13: 49.2 | Z13: 2.89 | AA13: 30.1
... A19: 16x8 | B19: T=128 | C19: 16 | D19: 8 | E19: 128 | F19: 256 | G19: 1024 | H19: 32 | I19: 16 | J19: 6 | K19: 2 | L19: 8 | M19: 16 | N19: 1280 | O19: -1.339 | P19: -23471.922 | Q19: 53677 | R19: 352.2 | S19: 149553 | T19: 173711 | U19: 16384 | V19: 125 | W19: 146 | X19: 169.6 | Y19: 90.2 | Z19: 2.82 | AA19: 32

Sheet Diagonal CxB64
A1: config | B1: cores | C1: blocks | D1: W_IDX | E1: blocks_total | F1: macs_per_cycle | G1: wns_ns | H1: tns_ns | I1: failing_endpoints | J1: period_ns | K1: fmax_mhz | L1: fmax_vs_8x8 | M1: lut_prim | N1: lut_vs_8x8 | O1: ff_prim | P1: ff_vs_8x8 | Q1: ff_model | R1: ff_model_error | S1: muxf7_prim | T1: dsp_prim | U1: ramb_prim
A2: 1x64 | B2: 1 | C2: 64 | D2: 128 | E2: 64 | F2: 128 | G2: -0.171 | H2: -1.689888 | I2: 25 | J2: 2.393 | K2: 417.9 | L2: 0.9423 | M2: 71557 | N2: 0.952 | O2: 83643 | P2: 0.9594 | Q2: 83643 | R2: 0 | S2: 8192 | T2: 512 | U2: 66
A3: 2x32 | B3: 2 | C3: 32 | D3: 64 | E3: 64 | F3: 128 | G3: -0.078 | H3: -0.78711 | I3: 20 | J3: 2.3 | K3: 434.8 | L3: 0.9804 | M3: 72083 | N3: 0.959 | O3: 84163 | P3: 0.9654 | Q3: 84155 | R3: 8 | S3: 8192 | T3: 512 | U3: 66
A4: 4x16 | B4: 4 | C4: 16 | D4: 32 | E4: 64 | F4: 128 | G4: -0.216 | H4: -4.440073 | I4: 79 | J4: 2.438 | K4: 410.2 | L4: 0.9249 | M4: 73137 | N4: 0.973 | O4: 85216 | P4: 0.9775 | Q4: 85179 | R4: 37 | S4: 8192 | T4: 512 | U4: 66
A5: 8x8 | B5: 8 | C5: 8 | D5: 16 | E5: 64 | F5: 128 | G5: -0.033 | H5: -0.156198 | I5: 9 | J5: 2.255 | K5: 443.5 | L5: 1 | M5: 75168 | N5: 1 | O5: 87181 | P5: 1 | Q5: 87227 | R5: -46 | S5: 8192 | T5: 512 | U5: 66
A6: 16x4 | B6: 16 | C6: 4 | D6: 8 | E6: 64 | F6: 128 | G6: -0.173 | H6: -1.656769 | I6: 50 | J6: 2.395 | K6: 417.5 | L6: 0.9414 | M6: 79303 | N6: 1.055 | O6: 87239 | P6: 1.0007 | Q6: 91323 | R6: -4084 | S6: 8192 | T6: 512 | U6: 66
A7: 32x2 | B7: 32 | C7: 2 | D7: 4 | E7: 64 | F7: 128 | G7: -0.293 | H7: -8.471582 | I7: 117 | J7: 2.515 | K7: 397.6 | L7: 0.8965 | M7: 87643 | N7: 1.166 | O7: 95603 | P7: 1.0966 | Q7: 99515 | R7: -3912 | S7: 8192 | T7: 512 | U7: 66
A8: 64x1 | B8: 64 | C8: 1 | D8: 2 | E8: 64 | F8: 128 | G8: -0.431 | H8: -2497.4031 | I8: 17457 | J8: 2.653 | K8: 376.9 | L8: 0.8498 | M8: 104041 | N8: 1.3841 | O8: 112043 | P8: 1.2852 | Q8: 115899 | R8: -3856 | S8: 8192 | T8: 512 | U8: 66

Sheet Serpens
A1: row_order | B1: serpens_id | C1: label | D1: matrix | E1: nnz | F1: serpens_ms | G1: thesis_ms_300 | H1: thesis_ms_325 | I1: speedup_raw_300 | J1: speedup_raw_325 | K1: speedup_compute_300 | L1: speedup_compute_325 | M1: serpens_occupancy | N1: thesis_occupancy_300 | O1: thesis_occupancy_325 | P1: serpens_stream_pct | Q1: data_source
A2: 1 | B2: G1 | C2: G1 googleplus | D2: googleplus | E2: 13651000 | F2: 1.87 | G2: 0.367 | H2: 0.3374 | I2: 5.095 | J2: 5.543 | K2: 4.93 | L2: 5.363 | M2: 0.2557 | N2: 0.9687 | O2: 0.9726 | P2: 3.24 | Q2: 300: shapes_H1_300MHz.csv row H1 (2:32 @ 300 MHz), MEASURED | 325: shapes_H1_325MHz.csv row H1 (2:32 @ 325 MHz), MEASURED
A3: 2 | B3: G2 | C3: G2 crankseg_2 | D3: crankseg_2 | E3: 14149020 | F3: 0.93 | G3: 0.3804 | H3: 0.3497 | I3: 2.445 | J3: 2.659 | K3: 2.351 | L3: 2.557 | M3: 0.533 | N3: 0.9687 | O3: 0.9726 | P3: 3.85 | Q3: 300: shapes_H1_300MHz.csv row H1 (2:32 @ 300 MHz), MEASURED | 325: shapes_H1_325MHz.csv row H1 (2:32 @ 325 MHz), MEASURED
A4: 3 | B4: G3 | C4: G3 Si41Ge41H72 | D4: Si41Ge41H72 | E4: 15007682 | F4: 0.853 | G4: 0.4035 | H4: 0.3709 | I4: 2.114 | J4: 2.3 | K4: 1.856 | L4: 2.019 | M4: 0.6164 | N4: 0.9687 | O4: 0.9726 | P4: 12.22 | Q4: 300: shapes_H1_300MHz.csv row H1 (2:32 @ 300 MHz), MEASURED | 325: shapes_H1_325MHz.csv row H1 (2:32 @ 325 MHz), MEASURED
A5: 4 | B5: G4 | C5: G4 TSOPF_RS_b2383 | D5: TSOPF_RS_b2383 | E5: 16165120 | F5: 0.73 | G5: 0.4346 | H5: 0.3995 | I5: 1.68 | J5: 1.827 | K5: 1.631 | L5: 1.774 | M5: 0.7758 | N5: 0.9687 | O5: 0.9726 | P5: 2.93 | Q5: 300: shapes_H1_300MHz.csv row H1 (2:32 @ 300 MHz), MEASURED | 325: shapes_H1_325MHz.csv row H1 (2:32 @ 325 MHz), MEASURED
A6: 5 | B6: G5 | C6: G5 ML_Laplace | D6: ML_Laplace | E6: 27535630 | F6: 1.37 | G6: 0.7403 | H6: 0.6805 | I6: 1.851 | J6: 2.013 | K6: 1.565 | L6: 1.703 | M6: 0.7041 | N6: 0.9687 | O6: 0.9726 | P6: 15.43 | Q6: 300: shapes_H1_300MHz.csv row H1 (2:32 @ 300 MHz), MEASURED | 325: shapes_H1_325MHz.csv row H1 (2:32 @ 325 MHz), MEASURED
A7: 6 | B7: G6 | C7: G6 mouse_gene | D7: mouse_gene | E7: 28904260 | F7: 1.37 | G7: 0.7771 | H7: 0.7144 | I7: 1.763 | J7: 1.918 | K7: 1.731 | L7: 1.882 | M7: 0.7391 | N7: 0.9687 | O7: 0.9726 | P7: 1.85 | Q7: 300: shapes_H1_300MHz.csv row H1 (2:32 @ 300 MHz), MEASURED | 325: shapes_H1_325MHz.csv row H1 (2:32 @ 325 MHz), MEASURED
A8: 7 | B8: G7 | C8: G7 soc_pokec | D8: soc_pokec | E8: 30654640 | F8: 4.52 | G8: 0.8241 | H8: 0.7576 | I8: 5.485 | J8: 5.966 | K8: 4.376 | L8: 4.76 | M8: 0.2376 | N8: 0.9687 | O8: 0.9726 | P8: 20.21 | Q8: 300: shapes_H1_300MHz.csv row H1 (2:32 @ 300 MHz), MEASURED | 325: shapes_H1_325MHz.csv row H1 (2:32 @ 325 MHz), MEASURED
A9: 8 | B9: G8 | C9: G8 coPapersCiteseer | D9: coPapersCiteseer | E9: 32027160 | F9: 2.09 | G9: 0.861 | H9: 0.7916 | I9: 2.427 | J9: 2.64 | K9: 2.145 | L9: 2.333 | M9: 0.5369 | N9: 0.9687 | O9: 0.9726 | P9: 11.64 | Q9: 300: shapes_H1_300MHz.csv row H1 (2:32 @ 300 MHz), MEASURED | 325: shapes_H1_325MHz.csv row H1 (2:32 @ 325 MHz), MEASURED
A10: 9 | B10: G9 | C10: G9 PFlow_742 | D10: PFlow_742 | E10: 37191100 | F10: 2.05 | G10: 0.9998 | H10: 0.9192 | I10: 2.05 | J10: 2.23 | K10: 1.634 | L10: 1.777 | M10: 0.6356 | N10: 0.9687 | O10: 0.9726 | P10: 20.32 | Q10: 300: shapes_H1_300MHz.csv row H1 (2:32 @ 300 MHz), MEASURED | 325: shapes_H1_325MHz.csv row H1 (2:32 @ 325 MHz), MEASURED
A11: 10 | B11: G10 | C11: G10 ogbl_ppa | D11: ogbl_ppa | E11: 42527880 | F11: 2.04 | G11: 1.1433 | H11: 1.0511 | I11: 1.784 | J11: 1.941 | K11: 1.502 | L11: 1.634 | M11: 0.7303 | N11: 0.9687 | O11: 0.9726 | P11: 15.83 | Q11: 300: shapes_H1_300MHz.csv row H1 (2:32 @ 300 MHz), MEASURED | 325: shapes_H1_325MHz.csv row H1 (2:32 @ 325 MHz), MEASURED
A12: 11 | B12: G11 | C12: G11 hollywood | D12: hollywood | E12: 112691200 | F12: 6.2 | G12: 3.0296 | H12: 2.7852 | I12: 2.046 | J12: 2.226 | K12: 1.849 | L12: 2.011 | M12: 0.6368 | N12: 0.9687 | O12: 0.9726 | P12: 9.67 | Q12: 300: shapes_H1_300MHz.csv row H1 (2:32 @ 300 MHz), MEASURED | 325: shapes_H1_325MHz.csv row H1 (2:32 @ 325 MHz), MEASURED
A13: 12 | B13: G12 | C13: G12 ogbn_products | D13: ogbn_products | E13: 123650800 | F13: 6.32 | G13: 3.3242 | H13: 3.056 | I13: 1.901 | J13: 2.068 | K13: 1.488 | L13: 1.619 | M13: 0.6854 | N13: 0.9687 | O13: 0.9726 | P13: 21.73 | Q13: 300: shapes_H1_300MHz.csv row H1 (2:32 @ 300 MHz), MEASURED | 325: shapes_H1_325MHz.csv row H1 (2:32 @ 325 MHz), MEASURED
A14: 13 | B14: GEOMEAN | C14: GEOMEAN | I14: 2.343 | J14: 2.548 | K14: 2.065 | L14: 2.246 | M14: 0.5562 | N14: 0.9687 | O14: 0.9726 | Q14: 300: shapes_H1_300MHz.csv row H1 (2:32 @ 300 MHz), MEASURED | 325: shapes_H1_325MHz.csv row H1 (2:32 @ 325 MHz), MEASURED

Sheet Energy 325
A1: design | B1: sparsity | C1: sparsity_order | D1: shape | E1: shape_order | F1: dimensions | G1: matrix_elements | H1: M_rows | I1: N_cols | J1: latency_per_matrix_us | K1: board_load_W | L1: board_idle_W | M1: board_dynamic_W | N1: energy_static_uJ | O1: energy_dynamic_uJ | P1: energy_total_uJ | Q1: energy_static_pJ_per_element | R1: energy_dynamic_pJ_per_element | S1: energy_total_pJ_per_element | T1: static_pct | U1: energy_vs_dense | V1: GFLOPS_effective
A2: dense | B2: dense | C2: 1 | D2: G1 | E2: 1 | F2: 512x512 | G2: 262144 | H2: 512 | I2: 512 | J2: 6.5734 | K2: 31.724 | L2: 27.077 | M2: 4.647 | N2: 177.988 | O2: 30.547 | P2: 208.535 | Q2: 678.97 | R2: 116.526 | S2: 795.496 | T2: 85.35 | U2: 1 | V2: 79.76
A3: dense | B3: dense | C3: 1 | D3: G2 | E3: 2 | F3: 768x768 | G3: 589824 | H3: 768 | I3: 768 | J3: 14.7746 | K3: 31.724 | L3: 27.077 | M3: 4.647 | N3: 400.052 | O3: 68.658 | P3: 468.709 | Q3: 678.256 | R3: 116.403 | S3: 794.66 | T3: 85.35 | U3: 1 | V3: 79.84
A4: dense | B4: dense | C4: 1 | D4: G3 | E4: 3 | F4: 1024x1024 | G4: 1048576 | H4: 1024 | I4: 1024 | J4: 26.155 | K4: 31.724 | L4: 27.077 | M4: 4.647 | N4: 708.199 | O4: 121.542 | P4: 829.741 | Q4: 675.391 | R4: 115.912 | S4: 791.303 | T4: 85.35 | U4: 1 | V4: 80.18
A5: dense | B5: dense | C5: 1 | D5: G4 | E5: 4 | F5: 3072x768 | G5: 2359296 | H5: 3072 | I5: 768 | J5: 59.1612 | K5: 31.724 | L5: 27.077 | M5: 4.647 | N5: 1601.908 | O5: 274.922 | P5: 1876.83 | Q5: 678.977 | R5: 116.527 | S5: 795.504 | T5: 85.35 | U5: 1 | V5: 79.76
A6: dense | B6: dense | C6: 1 | D6: G5 | E6: 5 | F6: 768x3072 | G6: 2359296 | H6: 768 | I6: 3072 | J6: 59.2473 | K6: 31.724 | L6: 27.077 | M6: 4.647 | N6: 1604.239 | O6: 275.322 | P6: 1879.561 | Q6: 679.965 | R6: 116.697 | S6: 796.662 | T6: 85.35 | U6: 1 | V6: 79.64
A7: dense | B7: dense | C7: 1 | D7: G6 | E7: 6 | F7: 4096x1024 | G7: 4194304 | H7: 4096 | I7: 1024 | J7: 105.0663 | K7: 31.724 | L7: 27.077 | M7: 4.647 | N7: 2844.88 | O7: 488.243 | P7: 3333.123 | Q7: 678.272 | R7: 116.406 | S7: 794.679 | T7: 85.35 | U7: 1 | V7: 79.84
A8: dense | B8: dense | C8: 1 | D8: G7 | E8: 7 | F8: 1024x4096 | G8: 4194304 | H8: 1024 | I8: 4096 | J8: 105.1784 | K8: 31.724 | L8: 27.077 | M8: 4.647 | N8: 2847.916 | O8: 488.764 | P8: 3336.68 | Q8: 678.996 | R8: 116.53 | S8: 795.526 | T8: 85.35 | U8: 1 | V8: 79.76
A9: dense | B9: dense | C9: 1 | D9: G8 | E9: 8 | F9: 2048x2048 | G9: 4194304 | H9: 2048 | I9: 2048 | J9: 105.1802 | K9: 31.724 | L9: 27.077 | M9: 4.647 | N9: 2847.964 | O9: 488.772 | P9: 3336.737 | Q9: 679.008 | R9: 116.532 | S9: 795.54 | T9: 85.35 | U9: 1 | V9: 79.75
A10: dense | B10: dense | C10: 1 | D10: G9 | E10: 9 | F10: 4096x4096 | G10: 16777216 | H10: 4096 | I10: 4096 | J10: 417.3694 | K10: 31.724 | L10: 27.077 | M10: 4.647 | N10: 11301.111 | O10: 1939.516 | P10: 13240.627 | Q10: 673.599 | R10: 115.604 | S10: 789.203 | T10: 85.35 | U10: 1 | V10: 80.4
A11: dense | B11: dense | C11: 1 | D11: G10 | E11: 10 | F11: 8192x2048 | G11: 16777216 | H11: 8192 | I11: 2048 | J11: 419.3958 | K11: 31.724 | L11: 27.077 | M11: 4.647 | N11: 11355.98 | O11: 1948.932 | P11: 13304.912 | Q11: 676.869 | R11: 116.165 | S11: 793.035 | T11: 85.35 | U11: 1 | V11: 80.01
A12: dense | B12: dense | C12: 1 | D12: G11 | E12: 11 | F12: 2048x8192 | G12: 16777216 | H12: 2048 | I12: 8192 | J12: 421.1204 | K12: 31.724 | L12: 27.077 | M12: 4.647 | N12: 11402.677 | O12: 1956.946 | P12: 13359.624 | Q12: 679.653 | R12: 116.643 | S12: 796.296 | T12: 85.35 | U12: 1 | V12: 79.68
A13: sparse | B13: 2:4 | C13: 2 | D13: G1 | E13: 1 | F13: 512x512 | G13: 262144 | H13: 512 | I13: 512 | J13: 3.2625 | K13: 35.994 | L13: 30.165 | M13: 5.829 | N13: 98.413 | O13: 19.017 | P13: 117.43 | Q13: 375.417 | R13: 72.545 | S13: 447.962 | T13: 83.81 | U13: 1.7758 | V13: 160.7
... A67: sparse | B67: MIXED | C67: 6 | D67: G11 | E67: 11 | F67: 2048x8192 | G67: 16777216 | H67: 2048 | I67: 8192 | J67: 96.7754 | K67: 35.729 | L67: 30.259 | M67: 5.47 | N67: 2928.327 | O67: 529.361 | P67: 3457.688 | Q67: 174.542 | R67: 31.552 | S67: 206.094 | T67: 84.69 | U67: 3.8637 | V67: 346.72

Sheet Shapes 325
A1: design | B1: sparsity | C1: shape | D1: dimensions | E1: matrix_elements | F1: shape_order | G1: sparsity_order | H1: M_rows | I1: N_cols | J1: nwin | K1: beats_per_matrix | L1: batch_R | M1: latency_per_matrix_us | N1: ideal_per_matrix_us | O1: dsp_occupancy | P1: GFLOPS_effective | Q1: GFLOPS_actual | R1: bandwidth_GBs | S1: speedup_vs_dense | T1: latency_norm_dense | U1: theory_speedup | V1: pct_of_theory | W1: spread_pct | X1: data_source
A2: dense | B2: dense | C2: G1 | D2: 512x512 | E2: 262144 | F2: 1 | G2: 1 | H2: 512 | I2: 512 | J2: 16 | K2: 2048 | L2: 1024 | M2: 6.5734 | N2: 6.3015 | O2: 0.9586 | P2: 79.76 | Q2: 79.76 | R2: 79.76 | S2: 1 | T2: 1 | W2: 0.511 | X2: measured
A3: dense | B3: dense | C3: G2 | D3: 768x768 | E3: 589824 | F3: 2 | G3: 1 | H3: 768 | I3: 768 | J3: 24 | K3: 4608 | L3: 456 | M3: 14.7746 | N3: 14.1785 | O3: 0.9597 | P3: 79.84 | Q3: 79.84 | R3: 79.84 | S3: 1 | T3: 1 | W3: 0.512 | X3: measured
A4: dense | B4: dense | C4: G3 | D4: 1024x1024 | E4: 1048576 | F4: 3 | G4: 1 | H4: 1024 | I4: 1024 | J4: 32 | K4: 8192 | L4: 256 | M4: 26.155 | N4: 25.2062 | O4: 0.9637 | P4: 80.18 | Q4: 80.18 | R4: 80.18 | S4: 1 | T4: 1 | W4: 0.548 | X4: measured
A5: dense | B5: dense | C5: G4 | D5: 3072x768 | E5: 2359296 | F5: 4 | G5: 1 | H5: 3072 | I5: 768 | J5: 24 | K5: 18432 | L5: 114 | M5: 59.1612 | N5: 56.7138 | O5: 0.9586 | P5: 79.76 | Q5: 79.76 | R5: 79.76 | S5: 1 | T5: 1 | W5: 0.423 | X5: measured
A6: dense | B6: dense | C6: G5 | D6: 768x3072 | E6: 2359296 | F6: 5 | G6: 1 | H6: 768 | I6: 3072 | J6: 96 | K6: 18432 | L6: 114 | M6: 59.2473 | N6: 56.7138 | O6: 0.9572 | P6: 79.64 | Q6: 79.64 | R6: 79.64 | S6: 1 | T6: 1 | W6: 0.318 | X6: measured
A7: dense | B7: dense | C7: G6 | D7: 4096x1024 | E7: 4194304 | F7: 6 | G7: 1 | H7: 4096 | I7: 1024 | J7: 32 | K7: 32768 | L7: 64 | M7: 105.0663 | N7: 100.8246 | O7: 0.9596 | P7: 79.84 | Q7: 79.84 | R7: 79.84 | S7: 1 | T7: 1 | W7: 0.428 | X7: measured
A8: dense | B8: dense | C8: G7 | D8: 1024x4096 | E8: 4194304 | F8: 7 | G8: 1 | H8: 1024 | I8: 4096 | J8: 128 | K8: 32768 | L8: 64 | M8: 105.1784 | N8: 100.8246 | O8: 0.9586 | P8: 79.76 | Q8: 79.76 | R8: 79.76 | S8: 1 | T8: 1 | W8: 1.162 | X8: measured
A9: dense | B9: dense | C9: G8 | D9: 2048x2048 | E9: 4194304 | F9: 8 | G9: 1 | H9: 2048 | I9: 2048 | J9: 64 | K9: 32768 | L9: 64 | M9: 105.1802 | N9: 100.8246 | O9: 0.9586 | P9: 79.75 | Q9: 79.75 | R9: 79.75 | S9: 1 | T9: 1 | W9: 0.633 | X9: measured
A10: dense | B10: dense | C10: G9 | D10: 4096x4096 | E10: 16777216 | F10: 9 | G10: 1 | H10: 4096 | I10: 4096 | J10: 128 | K10: 131072 | L10: 16 | M10: 417.3694 | N10: 403.2985 | O10: 0.9663 | P10: 80.4 | Q10: 80.4 | R10: 80.4 | S10: 1 | T10: 1 | W10: 1.926 | X10: measured
A11: dense | B11: dense | C11: G10 | D11: 8192x2048 | E11: 16777216 | F11: 10 | G11: 1 | H11: 8192 | I11: 2048 | J11: 64 | K11: 131072 | L11: 16 | M11: 419.3958 | N11: 403.2985 | O11: 0.9616 | P11: 80.01 | Q11: 80.01 | R11: 80.01 | S11: 1 | T11: 1 | W11: 1.046 | X11: measured
A12: dense | B12: dense | C12: G11 | D12: 2048x8192 | E12: 16777216 | F12: 11 | G12: 1 | H12: 2048 | I12: 8192 | J12: 256 | K12: 131072 | L12: 16 | M12: 421.1204 | N12: 403.2985 | O12: 0.9577 | P12: 79.68 | Q12: 79.68 | R12: 79.68 | S12: 1 | T12: 1 | W12: 0.914 | X12: measured
A13: dense | B13: dense | C13: GEOMEAN | F13: 12 | G13: 1 | O13: 0.96 | P13: 79.87 | S13: 1 | T13: 1 | X13: measured
A14: sparse | B14: 2:4 | C14: G1 | D14: 512x512 | E14: 262144 | F14: 1 | G14: 2 | H14: 512 | I14: 512 | J14: 16 | K14: 1024 | L14: 2048 | M14: 3.2625 | N14: 3.1508 | O14: 0.9658 | P14: 160.7 | Q14: 80.35 | R14: 110.48 | S14: 2.0148 | T14: 0.4963 | U14: 2 | V14: 100.74 | W14: 1.688 | X14: measured
A15: sparse | B15: 2:4 | C15: G2 | D15: 768x768 | E15: 589824 | F15: 2 | G15: 2 | H15: 768 | I15: 768 | J15: 24 | K15: 2304 | L15: 911 | M15: 7.3385 | N15: 7.0892 | O15: 0.966 | P15: 160.75 | Q15: 80.37 | R15: 110.51 | S15: 2.0133 | T15: 0.4967 | U15: 2 | V15: 100.66 | W15: 0.62 | X15: measured
A16: sparse | B16: 2:4 | C16: G3 | D16: 1024x1024 | E16: 1048576 | F16: 3 | G16: 2 | H16: 1024 | I16: 1024 | J16: 32 | K16: 4096 | L16: 512 | M16: 13.095 | N16: 12.6031 | O16: 0.9624 | P16: 160.15 | Q16: 80.07 | R16: 110.1 | S16: 1.9973 | T16: 0.5007 | U16: 2 | V16: 99.87 | W16: 1.585 | X16: measured
A17: sparse | B17: 2:4 | C17: G4 | D17: 3072x768 | E17: 2359296 | F17: 4 | G17: 2 | H17: 3072 | I17: 768 | J17: 24 | K17: 9216 | L17: 228 | M17: 29.4236 | N17: 28.3569 | O17: 0.9637 | P17: 160.37 | Q17: 80.18 | R17: 110.25 | S17: 2.0107 | T17: 0.4973 | U17: 2 | V17: 100.53 | W17: 0.593 | X17: measured
A18: sparse | B18: 2:4 | C18: G5 | D18: 768x3072 | E18: 2359296 | F18: 5 | G18: 2 | H18: 768 | I18: 3072 | J18: 96 | K18: 9216 | L18: 228 | M18: 29.0261 | N18: 28.3569 | O18: 0.9769 | P18: 162.56 | Q18: 81.28 | R18: 111.76 | S18: 2.0412 | T18: 0.4899 | U18: 2 | V18: 102.06 | W18: 0.763 | X18: measured
A19: sparse | B19: 2:4 | C19: G6 | D19: 4096x1024 | E19: 4194304 | F19: 6 | G19: 2 | H19: 4096 | I19: 1024 | J19: 32 | K19: 16384 | L19: 128 | M19: 52.0665 | N19: 50.4123 | O19: 0.9682 | P19: 161.11 | Q19: 80.56 | R19: 110.77 | S19: 2.0179 | T19: 0.4956 | U19: 2 | V19: 100.9 | W19: 1.989 | X19: measured
A20: sparse | B20: 2:4 | C20: G7 | D20: 1024x4096 | E20: 4194304 | F20: 7 | G20: 2 | H20: 1024 | I20: 4096 | J20: 128 | K20: 16384 | L20: 128 | M20: 52.0878 | N20: 50.4123 | O20: 0.9678 | P20: 161.05 | Q20: 80.52 | R20: 110.72 | S20: 2.0193 | T20: 0.4952 | U20: 2 | V20: 100.96 | W20: 1.179 | X20: measured
A21: sparse | B21: 2:4 | C21: G8 | D21: 2048x2048 | E21: 4194304 | F21: 8 | G21: 2 | H21: 2048 | I21: 2048 | J21: 64 | K21: 16384 | L21: 128 | M21: 51.9901 | N21: 50.4123 | O21: 0.9697 | P21: 161.35 | Q21: 80.68 | R21: 110.93 | S21: 2.0231 | T21: 0.4943 | U21: 2 | V21: 101.15 | W21: 0.662 | X21: measured
A22: sparse | B22: 2:4 | C22: G9 | D22: 4096x4096 | E22: 16777216 | F22: 9 | G22: 2 | H22: 4096 | I22: 4096 | J22: 128 | K22: 65536 | L22: 32 | M22: 206.4284 | N22: 201.6492 | O22: 0.9768 | P22: 162.55 | Q22: 81.27 | R22: 111.75 | S22: 2.0219 | T22: 0.4946 | U22: 2 | V22: 101.09 | W22: 1.897 | X22: measured
A23: sparse | B23: 2:4 | C23: G10 | D23: 8192x2048 | E23: 16777216 | F23: 10 | G23: 2 | H23: 8192 | I23: 2048 | J23: 64 | K23: 65536 | L23: 32 | M23: 208.1305 | N23: 201.6492 | O23: 0.9689 | P23: 161.22 | Q23: 80.61 | R23: 110.84 | S23: 2.0151 | T23: 0.4963 | U23: 2 | V23: 100.75 | W23: 0.691 | X23: measured
A24: sparse | B24: 2:4 | C24: G11 | D24: 2048x8192 | E24: 16777216 | F24: 11 | G24: 2 | H24: 2048 | I24: 8192 | J24: 256 | K24: 65536 | L24: 32 | M24: 207.0247 | N24: 201.6492 | O24: 0.974 | P24: 162.08 | Q24: 81.04 | R24: 111.43 | S24: 2.0342 | T24: 0.4916 | U24: 2 | V24: 101.71 | W24: 0.757 | X24: measured
A25: sparse | B25: 2:4 | C25: GEOMEAN | F25: 12 | G25: 2 | O25: 0.9691 | P25: 161.26 | S25: 2.0189 | T25: 0.4953 | U25: 2 | V25: 100.95 | X25: measured
A26: sparse | B26: 2:8 | C26: G1 | D26: 512x512 | E26: 262144 | F26: 1 | G26: 3 | H26: 512 | I26: 512 | J26: 16 | K26: 512 | L26: 4096 | M26: 1.6567 | N26: 1.5754 | O26: 0.9509 | P26: 316.47 | Q26: 79.12 | R26: 108.79 | S26: 3.9678 | T26: 0.252 | U26: 4 | V26: 99.19 | W26: 1.256 | X26: measured
A27: sparse | B27: 2:8 | C27: G2 | D27: 768x768 | E27: 589824 | F27: 2 | G27: 3 | H27: 768 | I27: 768 | J27: 24 | K27: 1152 | L27: 1821 | M27: 3.6626 | N27: 3.5446 | O27: 0.9678 | P27: 322.08 | Q27: 80.52 | R27: 110.72 | S27: 4.0339 | T27: 0.2479 | U27: 4 | V27: 100.85 | W27: 5.028 | X27: measured
A28: sparse | B28: 2:8 | C28: G3 | D28: 1024x1024 | E28: 1048576 | F28: 3 | G28: 3 | H28: 1024 | I28: 1024 | J28: 32 | K28: 2048 | L28: 1024 | M28: 6.5098 | N28: 6.3015 | O28: 0.968 | P28: 322.15 | Q28: 80.54 | R28: 110.74 | S28: 4.0178 | T28: 0.2489 | U28: 4 | V28: 100.44 | W28: 3.548 | X28: measured
A29: sparse | B29: 2:8 | C29: G4 | D29: 3072x768 | E29: 2359296 | F29: 4 | G29: 3 | H29: 3072 | I29: 768 | J29: 24 | K29: 4608 | L29: 456 | M29: 14.759 | N29: 14.1785 | O29: 0.9607 | P29: 319.71 | Q29: 79.93 | R29: 109.9 | S29: 4.0085 | T29: 0.2495 | U29: 4 | V29: 100.21 | W29: 0.335 | X29: measured
A30: sparse | B30: 2:8 | C30: G5 | D30: 768x3072 | E30: 2359296 | F30: 5 | G30: 3 | H30: 768 | I30: 3072 | J30: 96 | K30: 4608 | L30: 456 | M30: 14.7753 | N30: 14.1785 | O30: 0.9596 | P30: 319.36 | Q30: 79.84 | R30: 109.78 | S30: 4.0099 | T30: 0.2494 | U30: 4 | V30: 100.25 | W30: 0.608 | X30: measured
A31: sparse | B31: 2:8 | C31: G6 | D31: 4096x1024 | E31: 4194304 | F31: 6 | G31: 3 | H31: 4096 | I31: 1024 | J31: 32 | K31: 8192 | L31: 256 | M31: 26.3753 | N31: 25.2062 | O31: 0.9557 | P31: 318.05 | Q31: 79.51 | R31: 109.33 | S31: 3.9835 | T31: 0.251 | U31: 4 | V31: 99.59 | W31: 0.397 | X31: measured
A32: sparse | B32: 2:8 | C32: G7 | D32: 1024x4096 | E32: 4194304 | F32: 7 | G32: 3 | H32: 1024 | I32: 4096 | J32: 128 | K32: 8192 | L32: 256 | M32: 26.1713 | N32: 25.2062 | O32: 0.9631 | P32: 320.53 | Q32: 80.13 | R32: 110.18 | S32: 4.0188 | T32: 0.2488 | U32: 4 | V32: 100.47 | W32: 1.337 | X32: measured
A33: sparse | B33: 2:8 | C33: G8 | D33: 2048x2048 | E33: 4194304 | F33: 8 | G33: 3 | H33: 2048 | I33: 2048 | J33: 64 | K33: 8192 | L33: 256 | M33: 26.1236 | N33: 25.2062 | O33: 0.9649 | P33: 321.11 | Q33: 80.28 | R33: 110.38 | S33: 4.0263 | T33: 0.2484 | U33: 4 | V33: 100.66 | W33: 1.407 | X33: measured
A34: sparse | B34: 2:8 | C34: G9 | D34: 4096x4096 | E34: 16777216 | F34: 9 | G34: 3 | H34: 4096 | I34: 4096 | J34: 128 | K34: 32768 | L34: 64 | M34: 104.9065 | N34: 100.8246 | O34: 0.9611 | P34: 319.85 | Q34: 79.96 | R34: 109.95 | S34: 3.9785 | T34: 0.2514 | U34: 4 | V34: 99.46 | W34: 1.581 | X34: measured
A35: sparse | B35: 2:8 | C35: G10 | D35: 8192x2048 | E35: 16777216 | F35: 10 | G35: 3 | H35: 8192 | I35: 2048 | J35: 64 | K35: 32768 | L35: 64 | M35: 104.3126 | N35: 100.8246 | O35: 0.9666 | P35: 321.67 | Q35: 80.42 | R35: 110.57 | S35: 4.0206 | T35: 0.2487 | U35: 4 | V35: 100.51 | W35: 2.374 | X35: measured
A36: sparse | B36: 2:8 | C36: G11 | D36: 2048x8192 | E36: 16777216 | F36: 11 | G36: 3 | H36: 2048 | I36: 8192 | J36: 256 | K36: 32768 | L36: 64 | M36: 104.9286 | N36: 100.8246 | O36: 0.9609 | P36: 319.78 | Q36: 79.95 | R36: 109.93 | S36: 4.0134 | T36: 0.2492 | U36: 4 | V36: 100.33 | W36: 1.277 | X36: measured
A37: sparse | B37: 2:8 | C37: GEOMEAN | F37: 12 | G37: 3 | O37: 0.9617 | P37: 320.06 | S37: 4.0071 | T37: 0.2496 | U37: 4 | V37: 100.18 | X37: measured
A38: sparse | B38: 2:16 | C38: G1 | D38: 512x512 | E38: 262144 | F38: 1 | G38: 4 | H38: 512 | I38: 512 | J38: 16 | K38: 256 | L38: 8192 | M38: 0.8333 | N38: 0.7877 | O38: 0.9453 | P38: 629.19 | Q38: 78.65 | R38: 108.14 | S38: 7.8884 | T38: 0.1268 | U38: 8 | V38: 98.6 | W38: 2.516 | X38: measured
A39: sparse | B39: 2:16 | C39: G2 | D39: 768x768 | E39: 589824 | F39: 2 | G39: 4 | H39: 768 | I39: 768 | J39: 24 | K39: 576 | L39: 3641 | M39: 1.871 | N39: 1.7723 | O39: 0.9473 | P39: 630.5 | Q39: 78.81 | R39: 108.37 | S39: 7.8966 | T39: 0.1266 | U39: 8 | V39: 98.71 | W39: 1.107 | X39: measured
A40: sparse | B40: 2:16 | C40: G3 | D40: 1024x1024 | E40: 1048576 | F40: 3 | G40: 4 | H40: 1024 | I40: 1024 | J40: 32 | K40: 1024 | L40: 2048 | M40: 3.3103 | N40: 3.1508 | O40: 0.9518 | P40: 633.53 | Q40: 79.19 | R40: 108.89 | S40: 7.9011 | T40: 0.1266 | U40: 8 | V40: 98.76 | W40: 2.015 | X40: measured
A41: sparse | B41: 2:16 | C41: G4 | D41: 3072x768 | E41: 2359296 | F41: 4 | G41: 4 | H41: 3072 | I41: 768 | J41: 24 | K41: 2304 | L41: 911 | M41: 7.4078 | N41: 7.0892 | O41: 0.957 | P41: 636.98 | Q41: 79.62 | R41: 109.48 | S41: 7.9863 | T41: 0.1252 | U41: 8 | V41: 99.83 | W41: 2.153 | X41: measured
A42: sparse | B42: 2:16 | C42: G5 | D42: 768x3072 | E42: 2359296 | F42: 5 | G42: 4 | H42: 768 | I42: 3072 | J42: 96 | K42: 2304 | L42: 911 | M42: 7.3992 | N42: 7.0892 | O42: 0.9581 | P42: 637.71 | Q42: 79.71 | R42: 109.61 | S42: 8.0073 | T42: 0.1249 | U42: 8 | V42: 100.09 | W42: 0.128 | X42: measured
A43: sparse | B43: 2:16 | C43: G6 | D43: 4096x1024 | E43: 4194304 | F43: 6 | G43: 4 | H43: 4096 | I43: 1024 | J43: 32 | K43: 4096 | L43: 512 | M43: 13.117 | N43: 12.6031 | O43: 0.9608 | P43: 639.52 | Q43: 79.94 | R43: 109.92 | S43: 8.0099 | T43: 0.1248 | U43: 8 | V43: 100.12 | W43: 0.337 | X43: measured
A44: sparse | B44: 2:16 | C44: G7 | D44: 1024x4096 | E44: 4194304 | F44: 7 | G44: 4 | H44: 1024 | I44: 4096 | J44: 128 | K44: 4096 | L44: 512 | M44: 12.8501 | N44: 12.6031 | O44: 0.9808 | P44: 652.8 | Q44: 81.6 | R44: 112.2 | S44: 8.185 | T44: 0.1222 | U44: 8 | V44: 102.31 | W44: 3.12 | X44: measured
A45: sparse | B45: 2:16 | C45: G8 | D45: 2048x2048 | E45: 4194304 | F45: 8 | G45: 4 | H45: 2048 | I45: 2048 | J45: 64 | K45: 4096 | L45: 512 | M45: 13.0774 | N45: 12.6031 | O45: 0.9637 | P45: 641.46 | Q45: 80.18 | R45: 110.25 | S45: 8.0429 | T45: 0.1243 | U45: 8 | V45: 100.54 | W45: 0.933 | X45: measured
A46: sparse | B46: 2:16 | C46: G9 | D46: 4096x4096 | E46: 16777216 | F46: 9 | G46: 4 | H46: 4096 | I46: 4096 | J46: 128 | K46: 16384 | L46: 128 | M46: 52.0962 | N46: 50.4123 | O46: 0.9677 | P46: 644.09 | Q46: 80.51 | R46: 110.7 | S46: 8.0115 | T46: 0.1248 | U46: 8 | V46: 100.14 | W46: 1.436 | X46: measured
A47: sparse | B47: 2:16 | C47: G10 | D47: 8192x2048 | E47: 16777216 | F47: 10 | G47: 4 | H47: 8192 | I47: 2048 | J47: 64 | K47: 16384 | L47: 128 | M47: 52.3788 | N47: 50.4123 | O47: 0.9625 | P47: 640.61 | Q47: 80.08 | R47: 110.11 | S47: 8.007 | T47: 0.1249 | U47: 8 | V47: 100.09 | W47: 1.081 | X47: measured
A48: sparse | B48: 2:16 | C48: G11 | D48: 2048x8192 | E48: 16777216 | F48: 11 | G48: 4 | H48: 2048 | I48: 8192 | J48: 256 | K48: 16384 | L48: 128 | M48: 52.0201 | N48: 50.4123 | O48: 0.9691 | P48: 645.03 | Q48: 80.63 | R48: 110.86 | S48: 8.0953 | T48: 0.1235 | U48: 8 | V48: 101.19 | W48: 1.523 | X48: measured
A49: sparse | B49: 2:16 | C49: GEOMEAN | F49: 12 | G49: 4 | O49: 0.9603 | P49: 639.19 | S49: 8.0024 | T49: 0.125 | U49: 8 | V49: 100.03 | X49: measured
A50: sparse | B50: 2:32 | C50: G1 | D50: 512x512 | E50: 262144 | F50: 1 | G50: 5 | H50: 512 | I50: 512 | J50: 16 | K50: 128 | L50: 16384 | M50: 0.4284 | N50: 0.3938 | O50: 0.9192 | P50: 1223.7 | Q50: 76.48 | R50: 105.16 | S50: 15.3441 | T50: 0.0652 | U50: 16 | V50: 95.9 | W50: 1.615 | X50: measured
A51: sparse | B51: 2:32 | C51: G2 | D51: 768x768 | E51: 589824 | F51: 2 | G51: 5 | H51: 768 | I51: 768 | J51: 24 | K51: 288 | L51: 7282 | M51: 0.9451 | N51: 0.8862 | O51: 0.9376 | P51: 1248.17 | Q51: 78.01 | R51: 107.26 | S51: 15.6328 | T51: 0.064 | U51: 16 | V51: 97.71 | W51: 0.241 | X51: measured
A52: sparse | B52: 2:32 | C52: G3 | D52: 1024x1024 | E52: 1048576 | F52: 3 | G52: 5 | H52: 1024 | I52: 1024 | J52: 32 | K52: 512 | L52: 4096 | M52: 1.6613 | N52: 1.5754 | O52: 0.9483 | P52: 1262.38 | Q52: 78.9 | R52: 108.49 | S52: 15.7437 | T52: 0.0635 | U52: 16 | V52: 98.4 | W52: 1.429 | X52: measured
A53: sparse | B53: 2:32 | C53: G4 | D53: 3072x768 | E53: 2359296 | F53: 4 | G53: 5 | H53: 3072 | I53: 768 | J53: 24 | K53: 1152 | L53: 1821 | M53: 3.7804 | N53: 3.5446 | O53: 0.9376 | P53: 1248.17 | Q53: 78.01 | R53: 107.26 | S53: 15.6495 | T53: 0.0639 | U53: 16 | V53: 97.81 | W53: 1.234 | X53: measured
A54: sparse | B54: 2:32 | C54: G5 | D54: 768x3072 | E54: 2359296 | F54: 5 | G54: 5 | H54: 768 | I54: 3072 | J54: 96 | K54: 1152 | L54: 1821 | M54: 3.6716 | N54: 3.5446 | O54: 0.9654 | P54: 1285.17 | Q54: 80.32 | R54: 110.44 | S54: 16.1366 | T54: 0.062 | U54: 16 | V54: 100.85 | W54: 0.432 | X54: measured
A55: sparse | B55: 2:32 | C55: G6 | D55: 4096x1024 | E55: 4194304 | F55: 6 | G55: 5 | H55: 4096 | I55: 1024 | J55: 32 | K55: 2048 | L55: 1024 | M55: 6.6542 | N55: 6.3015 | O55: 0.947 | P55: 1260.66 | Q55: 78.79 | R55: 108.34 | S55: 15.7895 | T55: 0.0633 | U55: 16 | V55: 98.68 | W55: 2.332 | X55: measured
A56: sparse | B56: 2:32 | C56: G7 | D56: 1024x4096 | E56: 4194304 | F56: 7 | G56: 5 | H56: 1024 | I56: 4096 | J56: 128 | K56: 2048 | L56: 1024 | M56: 6.439 | N56: 6.3015 | O56: 0.9786 | P56: 1302.78 | Q56: 81.42 | R56: 111.96 | S56: 16.3346 | T56: 0.0612 | U56: 16 | V56: 102.09 | W56: 2.265 | X56: measured
A57: sparse | B57: 2:32 | C57: G8 | D57: 2048x2048 | E57: 4194304 | F57: 8 | G57: 5 | H57: 2048 | I57: 2048 | J57: 64 | K57: 2048 | L57: 1024 | M57: 6.506 | N57: 6.3015 | O57: 0.9686 | P57: 1289.36 | Q57: 80.59 | R57: 110.8 | S57: 16.1666 | T57: 0.0619 | U57: 16 | V57: 101.04 | W57: 1.576 | X57: measured
A58: sparse | B58: 2:32 | C58: G9 | D58: 4096x4096 | E58: 16777216 | F58: 9 | G58: 5 | H58: 4096 | I58: 4096 | J58: 128 | K58: 8192 | L58: 256 | M58: 26.1077 | N58: 25.2062 | O58: 0.9655 | P58: 1285.23 | Q58: 80.33 | R58: 110.45 | S58: 15.9864 | T58: 0.0626 | U58: 16 | V58: 99.92 | W58: 0.232 | X58: measured
A59: sparse | B59: 2:32 | C59: G10 | D59: 8192x2048 | E59: 16777216 | F59: 10 | G59: 5 | H59: 8192 | I59: 2048 | J59: 64 | K59: 8192 | L59: 256 | M59: 26.1655 | N59: 25.2062 | O59: 0.9633 | P59: 1282.39 | Q59: 80.15 | R59: 110.21 | S59: 16.0286 | T59: 0.0624 | U59: 16 | V59: 100.18 | W59: 0.874 | X59: measured
A60: sparse | B60: 2:32 | C60: G11 | D60: 2048x8192 | E60: 16777216 | F60: 11 | G60: 5 | H60: 2048 | I60: 8192 | J60: 256 | K60: 8192 | L60: 256 | M60: 25.8072 | N60: 25.2062 | O60: 0.9767 | P60: 1300.2 | Q60: 81.26 | R60: 111.74 | S60: 16.3179 | T60: 0.0613 | U60: 16 | V60: 101.99 | W60: 2.998 | X60: measured
A61: sparse | B61: 2:32 | C61: GEOMEAN | F61: 12 | G61: 5 | O61: 0.9551 | P61: 1271.43 | S61: 15.9181 | T61: 0.0628 | U61: 16 | V61: 99.49 | X61: measured
A62: sparse | B62: MIXED | C62: G1 | D62: 512x512 | E62: 262144 | F62: 1 | G62: 6 | H62: 512 | I62: 512 | J62: 16 | K62: 480 | L62: 4370 | M62: 1.5274 | N62: 1.4769 | O62: 0.967 | P62: 343.26 | Q62: 80.45 | R62: 110.62 | S62: 4.3037 | T62: 0.2324 | U62: 4.2666667 | V62: 100.87 | W62: 1.286 | X62: measured
A63: sparse | B63: MIXED | C63: G2 | D63: 768x768 | E63: 589824 | F63: 2 | G63: 6 | H63: 768 | I63: 768 | J63: 24 | K63: 1080 | L63: 1942 | M63: 3.4472 | N63: 3.3231 | O63: 0.964 | P63: 342.2 | Q63: 80.2 | R63: 110.28 | S63: 4.286 | T63: 0.2333 | U63: 4.2666667 | V63: 100.45 | W63: 0.74 | X63: measured
A64: sparse | B64: MIXED | C64: G3 | D64: 1024x1024 | E64: 1048576 | F64: 3 | G64: 6 | H64: 1024 | I64: 1024 | J64: 32 | K64: 1920 | L64: 1093 | M64: 5.9928 | N64: 5.9077 | O64: 0.9858 | P64: 349.95 | Q64: 82.02 | R64: 112.78 | S64: 4.3644 | T64: 0.2291 | U64: 4.2666667 | V64: 102.29 | W64: 3.83 | X64: measured
A65: sparse | B65: MIXED | C65: G4 | D65: 3072x768 | E65: 2359296 | F65: 4 | G65: 6 | H65: 3072 | I65: 768 | J65: 24 | K65: 4320 | L65: 486 | M65: 13.8159 | N65: 13.2923 | O65: 0.9621 | P65: 341.53 | Q65: 80.05 | R65: 110.06 | S65: 4.2821 | T65: 0.2335 | U65: 4.2666667 | V65: 100.36 | W65: 0.897 | X65: measured
A66: sparse | B66: MIXED | C66: G5 | D66: 768x3072 | E66: 2359296 | F66: 5 | G66: 6 | H66: 768 | I66: 3072 | J66: 96 | K66: 4320 | L66: 486 | M66: 13.8325 | N66: 13.2923 | O66: 0.9609 | P66: 341.12 | Q66: 79.95 | R66: 109.93 | S66: 4.2832 | T66: 0.2335 | U66: 4.2666667 | V66: 100.39 | W66: 3.723 | X66: measured
A67: sparse | B67: MIXED | C67: G6 | D67: 4096x1024 | E67: 4194304 | F67: 6 | G67: 6 | H67: 4096 | I67: 1024 | J67: 32 | K67: 7680 | L67: 274 | M67: 24.3049 | N67: 23.6308 | O67: 0.9723 | P67: 345.14 | Q67: 80.89 | R67: 111.23 | S67: 4.3228 | T67: 0.2313 | U67: 4.2666667 | V67: 101.32 | W67: 0.51 | X67: measured
A68: sparse | B68: MIXED | C68: G7 | D68: 1024x4096 | E68: 4194304 | F68: 7 | G68: 6 | H68: 1024 | I68: 4096 | J68: 128 | K68: 7680 | L68: 274 | M68: 24.1028 | N68: 23.6308 | O68: 0.9804 | P68: 348.03 | Q68: 81.57 | R68: 112.16 | S68: 4.3637 | T68: 0.2292 | U68: 4.2666667 | V68: 102.28 | W68: 0.789 | X68: measured
A69: sparse | B69: MIXED | C69: G8 | D69: 2048x2048 | E69: 4194304 | F69: 8 | G69: 6 | H69: 2048 | I69: 2048 | J69: 64 | K69: 7680 | L69: 274 | M69: 24.3017 | N69: 23.6308 | O69: 0.9724 | P69: 345.19 | Q69: 80.9 | R69: 111.24 | S69: 4.3281 | T69: 0.231 | U69: 4.2666667 | V69: 101.44 | W69: 0.892 | X69: measured
A70: sparse | B70: MIXED | C70: G9 | D70: 4096x4096 | E70: 16777216 | F70: 9 | G70: 6 | H70: 4096 | I70: 4096 | J70: 128 | K70: 30720 | L70: 69 | M70: 96.1556 | N70: 94.5231 | O70: 0.983 | P70: 348.96 | Q70: 81.79 | R70: 112.46 | S70: 4.3406 | T70: 0.2304 | U70: 4.2666667 | V70: 101.73 | W70: 1.248 | X70: measured
A71: sparse | B71: MIXED | C71: G10 | D71: 8192x2048 | E71: 16777216 | F71: 10 | G71: 6 | H71: 8192 | I71: 2048 | J71: 64 | K71: 30720 | L71: 69 | M71: 97.2994 | N71: 94.5231 | O71: 0.9715 | P71: 344.86 | Q71: 80.83 | R71: 111.14 | S71: 4.3104 | T71: 0.232 | U71: 4.2666667 | V71: 101.02 | W71: 0.868 | X71: measured
A72: sparse | B72: MIXED | C72: G11 | D72: 2048x8192 | E72: 16777216 | F72: 11 | G72: 6 | H72: 2048 | I72: 8192 | J72: 256 | K72: 30720 | L72: 69 | M72: 96.7754 | N72: 94.5231 | O72: 0.9767 | P72: 346.72 | Q72: 81.26 | R72: 111.74 | S72: 4.3515 | T72: 0.2298 | U72: 4.2666667 | V72: 101.99 | W72: 1.437 | X72: measured
A73: sparse | B73: MIXED | C73: GEOMEAN | F73: 12 | G73: 6 | O73: 0.9723 | P73: 345.17 | S73: 4.3214 | T73: 0.2314 | U73: 4.2666667 | V73: 101.28 | X73: measured

Sheet Clock 300 vs 325
A1: sparsity | B1: sparsity_order | C1: design | D1: latency_us_300_avg3 | E1: latency_us_325_avg3 | F1: Mrow_s_300_avg3 | G1: Mrow_s_325_avg3 | H1: GFLOPS_eff_300_avg3 | I1: GFLOPS_eff_325_avg3 | J1: GFLOPS_act_300_avg3 | K1: GFLOPS_act_325_avg3 | L1: speedup_vs_dense_300_avg3 | M1: speedup_vs_dense_325_avg3 | N1: dsp_occupancy_300_avg3 | O1: dsp_occupancy_325_avg3 | P1: clock_scaling_avg3 | Q1: clock_scaling_ideal | R1: pct_of_ideal_avg3 | S1: Mrow_s_300_soak | T1: Mrow_s_325_soak | U1: clock_scaling_soak | V1: pct_of_ideal_soak | W1: board_load_W_300_soak | X1: board_load_W_325_soak | Y1: board_idle_W_300_soak | Z1: board_idle_W_325_soak | AA1: energy_nJ_per_row_300_soak | AB1: energy_nJ_per_row_325_soak | AC1: energy_vs_dense_300_soak | AD1: energy_vs_dense_325_soak | AE1: energy_nJ_per_row_300_vccint | AF1: energy_nJ_per_row_325_vccint | AG1: n_soaks_300 | AH1: n_soaks_325
A2: dense | B2: 1 | C2: dense | D2: 7745.577 | E2: 7130.17 | F2: 33.844 | G2: 36.765 | H2: 69.31 | I2: 75.3 | J2: 69.31 | K2: 75.3 | L2: 1 | M2: 1 | N2: 0.9592 | O2: 0.9671 | P2: 1.0863 | Q2: 1.0833 | R2: 100.27 | S2: 35.265 | T2: 38.094 | U2: 1.0802 | V2: 99.71 | W2: 31.297 | X2: 31.724 | Y2: 26.924 | Z2: 27.077 | AA2: 887.484 | AB2: 832.777 | AC2: 1 | AD2: 1 | AE2: 219.227 | AF2: 204.988 | AG2: 1 | AH2: 1
A3: 2:4 | B3: 2 | C3: sparse | D3: 7826.582 | E3: 7306.062 | F3: 66.988 | G3: 71.761 | H3: 137.19 | I3: 146.97 | J3: 68.6 | K3: 73.48 | L3: 1.979 | M3: 1.952 | N3: 0.9699 | O3: 0.965 | P3: 1.0713 | Q3: 1.0833 | R3: 98.88 | S3: 69.771 | T3: 75.919 | U3: 1.0881 | V3: 100.44 | W3: 35.442 | X3: 35.994 | Y3: 30.138 | Z3: 30.165 | AA3: 507.974 | AB3: 474.111 | AC3: 1.7471 | AD3: 1.7565 | AE3: 111.175 | AF3: 104.208 | AG3: 2 | AH3: 1
A4: 2:8 | B4: 3 | C4: sparse | D4: 7849.099 | E4: 7318.191 | F4: 133.592 | G4: 143.283 | H4: 273.6 | I4: 293.44 | J4: 68.4 | K4: 73.36 | L4: 3.947 | M4: 3.897 | N4: 0.9603 | O4: 0.9562 | P4: 1.0725 | Q4: 1.0833 | R4: 99 | S4: 139.266 | T4: 150.235 | U4: 1.0788 | V4: 99.58 | W4: 35.327 | X4: 35.452 | Y4: 30.115 | Z4: 30.164 | AA4: 253.666 | AB4: 235.978 | AC4: 3.4986 | AD4: 3.529 | AE4: 56.17 | AF4: 52.924 | AG4: 1 | AH4: 1
A5: 2:16 | B5: 4 | C5: sparse | D5: 7910.9 | E5: 7340.937 | F5: 265.096 | G5: 285.679 | H5: 542.92 | I5: 585.07 | J5: 67.86 | K5: 73.13 | L5: 7.833 | M5: 7.77 | N5: 0.9567 | O5: 0.9578 | P5: 1.0776 | Q5: 1.0833 | R5: 99.47 | S5: 275.864 | T5: 297.452 | U5: 1.0783 | V5: 99.53 | W5: 35.413 | X5: 36.084 | Y5: 30.226 | Z5: 30.201 | AA5: 128.371 | AB5: 121.31 | AC5: 6.9134 | AD5: 6.8649 | AE5: 28.669 | AF5: 27.018 | AG5: 1 | AH5: 1
A6: 2:32 | B6: 5 | C6: sparse | D6: 8005.26 | E6: 7511.888 | F6: 523.944 | G6: 558.355 | H6: 1073.04 | I6: 1143.51 | J6: 67.06 | K6: 71.47 | L6: 15.481 | M6: 15.187 | N6: 0.955 | O6: 0.9453 | P6: 1.0657 | Q6: 1.0833 | R6: 98.37 | S6: 545.417 | T6: 591.371 | U6: 1.0843 | V6: 100.09 | W6: 35.521 | X6: 36.338 | Y6: 30.138 | Z6: 30.336 | AA6: 65.126 | AB6: 61.447 | AC6: 13.6272 | AD6: 13.5528 | AE6: 14.495 | AF6: 13.627 | AG6: 1 | AH6: 1
A7: MIXED | B7: 6 | C7: sparse | D7: 7444.906 | E7: 6917.779 | F7: 140.845 | G7: 151.577 | H7: 288.45 | I7: 310.43 | J7: 67.61 | K7: 72.76 | L7: 4.162 | M7: 4.123 | N7: 0.9693 | O7: 0.9704 | P7: 1.0762 | Q7: 1.0833 | R7: 99.34 | S7: 149.135 | T7: 158.93 | U7: 1.0657 | V7: 98.37 | W7: 35.309 | X7: 35.729 | Y7: 29.852 | Z7: 30.259 | AA7: 236.758 | AB7: 224.809 | AC7: 3.7485 | AD7: 3.7044 | AE7: 51.9 | AF7: 50.137 | AG7: 1 | AH7: 1

Sheet Energy
A1: design | B1: sparsity | C1: sparsity_order | D1: shape | E1: shape_order | F1: dimensions | G1: matrix_elements | H1: M_rows | I1: N_cols | J1: latency_per_matrix_us | K1: board_load_W | L1: board_idle_W | M1: board_dynamic_W | N1: energy_static_uJ | O1: energy_dynamic_uJ | P1: energy_total_uJ | Q1: energy_static_pJ_per_element | R1: energy_dynamic_pJ_per_element | S1: energy_total_pJ_per_element | T1: static_pct | U1: energy_vs_dense | V1: GFLOPS_effective
A2: dense | B2: dense | C2: 1 | D2: G1 | E2: 1 | F2: 512x512 | G2: 262144 | H2: 512 | I2: 512 | J2: 7.0757 | K2: 31.767 | L2: 27.374 | M2: 4.393 | N2: 193.69 | O2: 31.084 | P2: 224.774 | Q2: 738.87 | R2: 118.574 | S2: 857.444 | T2: 86.17 | U2: 1 | V2: 74.1
A3: dense | B3: dense | C3: 1 | D3: G2 | E3: 2 | F3: 768x768 | G3: 589824 | H3: 768 | I3: 768 | J3: 16.036 | K3: 31.767 | L3: 27.374 | M3: 4.393 | N3: 438.969 | O3: 70.446 | P3: 509.416 | Q3: 744.238 | R3: 119.436 | S3: 863.674 | T3: 86.17 | U3: 1 | V3: 73.56
A4: dense | B4: dense | C4: 1 | D4: G3 | E4: 3 | F4: 1024x1024 | G4: 1048576 | H4: 1024 | I4: 1024 | J4: 27.7848 | K4: 31.767 | L4: 27.374 | M4: 4.393 | N4: 760.581 | O4: 122.059 | P4: 882.64 | Q4: 725.347 | R4: 116.404 | S4: 841.751 | T4: 86.17 | U4: 1 | V4: 75.48
A5: dense | B5: dense | C5: 1 | D5: G4 | E5: 4 | F5: 3072x768 | G5: 2359296 | H5: 3072 | I5: 768 | J5: 63.3179 | K5: 31.767 | L5: 27.374 | M5: 4.393 | N5: 1733.264 | O5: 278.156 | P5: 2011.42 | Q5: 734.653 | R5: 117.898 | S5: 852.551 | T5: 86.17 | U5: 1 | V5: 74.52
A6: dense | B6: dense | C6: 1 | D6: G5 | E6: 5 | F6: 768x3072 | G6: 2359296 | H6: 768 | I6: 3072 | J6: 63.8128 | K6: 31.767 | L6: 27.374 | M6: 4.393 | N6: 1746.812 | O6: 280.33 | P6: 2027.141 | Q6: 740.395 | R6: 118.819 | S6: 859.214 | T6: 86.17 | U6: 1 | V6: 73.94
A7: dense | B7: dense | C7: 1 | D7: G6 | E7: 6 | F7: 4096x1024 | G7: 4194304 | H7: 4096 | I7: 1024 | J7: 113.5937 | K7: 31.767 | L7: 27.374 | M7: 4.393 | N7: 3109.514 | O7: 499.017 | P7: 3608.531 | Q7: 741.366 | R7: 118.975 | S7: 860.341 | T7: 86.17 | U7: 1 | V7: 73.85
A8: dense | B8: dense | C8: 1 | D8: G7 | E8: 7 | F8: 1024x4096 | G8: 4194304 | H8: 1024 | I8: 4096 | J8: 113.0586 | K8: 31.767 | L8: 27.374 | M8: 4.393 | N8: 3094.866 | O8: 496.666 | P8: 3591.533 | Q8: 737.874 | R8: 118.415 | S8: 856.288 | T8: 86.17 | U8: 1 | V8: 74.2
A9: dense | B9: dense | C9: 1 | D9: G8 | E9: 8 | F9: 2048x2048 | G9: 4194304 | H9: 2048 | I9: 2048 | J9: 112.6688 | K9: 31.767 | L9: 27.374 | M9: 4.393 | N9: 3084.196 | O9: 494.954 | P9: 3579.15 | Q9: 735.33 | R9: 118.006 | S9: 853.336 | T9: 86.17 | U9: 1 | V9: 74.45
A10: dense | B10: dense | C10: 1 | D10: G9 | E10: 9 | F10: 4096x4096 | G10: 16777216 | H10: 4096 | I10: 4096 | J10: 452.4202 | K10: 31.767 | L10: 27.374 | M10: 4.393 | N10: 12384.551 | O10: 1987.482 | P10: 14372.032 | Q10: 738.177 | R10: 118.463 | S10: 856.64 | T10: 86.17 | U10: 1 | V10: 74.17
A11: dense | B11: dense | C11: 1 | D11: G10 | E11: 10 | F11: 8192x2048 | G11: 16777216 | H11: 8192 | I11: 2048 | J11: 453.9778 | K11: 31.767 | L11: 27.374 | M11: 4.393 | N11: 12427.188 | O11: 1994.324 | P11: 14421.513 | Q11: 740.718 | R11: 118.871 | S11: 859.589 | T11: 86.17 | U11: 1 | V11: 73.91
A12: dense | B12: dense | C12: 1 | D12: G11 | E12: 11 | F12: 2048x8192 | G12: 16777216 | H12: 2048 | I12: 8192 | J12: 454.7025 | K12: 31.767 | L12: 27.374 | M12: 4.393 | N12: 12447.026 | O12: 1997.508 | P12: 14444.534 | Q12: 741.901 | R12: 119.061 | S12: 860.961 | T12: 86.17 | U12: 1 | V12: 73.79
A13: sparse | B13: 2:4 | C13: 2 | D13: G1 | E13: 1 | F13: 512x512 | G13: 262144 | H13: 512 | I13: 512 | J13: 3.5338 | K13: 35.913 | L13: 30.756 | M13: 5.157 | N13: 108.686 | O13: 18.224 | P13: 126.909 | Q13: 414.602 | R13: 69.518 | S13: 484.121 | T13: 85.64 | U13: 1.7711 | V13: 148.36
... A67: sparse | B67: MIXED | C67: 6 | D67: G11 | E67: 11 | F67: 2048x8192 | G67: 16777216 | H67: 2048 | I67: 8192 | J67: 104.3028 | K67: 35.985 | L67: 30.247 | M67: 5.738 | N67: 3154.847 | O67: 598.489 | P67: 3753.336 | Q67: 188.044 | R67: 35.673 | S67: 223.716 | T67: 84.05 | U67: 3.8485 | V67: 321.7

Sheet avg3 comparison
A1: design | B1: clock_mhz | C1: sparsity | D1: sparsity_order | E1: estimator | F1: n_runs | G1: M_rows | H1: N_cols | I1: weight_beats | J1: beats_per_row | K1: latency_avg_us | L1: latency_best_us | M1: latency_worst_us | N1: spread_pct | O1: Mrow_s | P1: bandwidth_avg_GBs | Q1: bandwidth_roofline_GBs | R1: pct_of_roofline | S1: GFLOPS_effective | T1: GFLOPS_actual | U1: speedup_vs_dense | V1: theory_speedup | W1: pct_of_theory | X1: input_PCs | Y1: DSPs | Z1: GFLOPS_eff_per_DSP | AA1: ideal_latency_us | AB1: dsp_occupancy_raw | AC1: launch_overhead_us | AD1: dsp_occupancy_compute | AE1: dsp_stall_pct | AF1: MAC_rate_GMACs | AG1: GFLOPS_actual_per_DSP | AH1: runs
A2: dense | B2: 300 | C2: dense | D2: 1 | E2: run_avg3 | F2: 3 | G2: 262144 | H2: 1024 | I2: 2097152 | J2: 8 | K2: 7745.577 | L2: 7735.473 | M2: 7754.049 | N2: 0.24 | O2: 33.844 | P2: 69.31 | Q2: 76.8 | R2: 90.3 | S2: 69.31 | T2: 69.31 | U2: 1 | X2: 8 | Y2: 512 | Z2: 0.1354 | AA2: 6990.5 | AB2: 0.9025 | AC2: 457.9 | AD2: 0.9592 | AE2: 4.08 | AF2: 34.66 | AG2: 0.1354 | AH2: 7747.209 7754.049 7735.473
A3: sparse | B3: 300 | C3: 2:4 | D3: 2 | E3: run_avg3 | F3: 6 | G3: 524288 | H3: 1024 | I3: 2097152 | J3: 4 | K3: 7826.582 | L3: 7799.745 | M3: 7858.873 | N3: 0.758 | O3: 66.988 | P3: 94.32 | Q3: 105.6 | R3: 89.3 | S3: 137.19 | T3: 68.6 | U3: 1.979 | V3: 2 | W3: 99 | X3: 11 | Y3: 512 | Z3: 0.268 | AA3: 6990.5 | AB3: 0.8932 | AC3: 619.1 | AD3: 0.9699 | AE3: 3.01 | AF3: 34.3 | AG3: 0.134 | AH3: 7832.520 7824.003 7858.873 7799.745 7821.530 7822.824
A4: sparse | B4: 300 | C4: 2:8 | D4: 3 | E4: run_avg3 | F4: 6 | G4: 1048576 | H4: 1024 | I4: 2097152 | J4: 2 | K4: 7849.099 | L4: 7748.434 | M4: 7905.205 | N4: 2.023 | O4: 133.592 | P4: 94.05 | Q4: 105.6 | R4: 89.1 | S4: 273.6 | T4: 68.4 | U4: 3.947 | V4: 4 | W4: 98.7 | X4: 11 | Y4: 512 | Z4: 0.5344 | AA4: 6990.5 | AB4: 0.8906 | AC4: 569.5 | AD4: 0.9603 | AE4: 3.97 | AF4: 34.2 | AG4: 0.1336 | AH4: 7841.451 7839.661 7874.058 7885.782 7905.205 7748.434
A5: sparse | B5: 300 | C5: 2:16 | D5: 4 | E5: run_avg3 | F5: 6 | G5: 2097152 | H5: 1024 | I5: 2097152 | J5: 1 | K5: 7910.9 | L5: 7779.594 | M5: 7978.226 | N5: 2.553 | O5: 265.096 | P5: 93.31 | Q5: 105.6 | R5: 88.4 | S5: 542.92 | T5: 67.86 | U5: 7.833 | V5: 8 | W5: 97.9 | X5: 11 | Y5: 512 | Z5: 1.0604 | AA5: 6990.5 | AB5: 0.8837 | AC5: 603.7 | AD5: 0.9567 | AE5: 4.33 | AF5: 33.93 | AG5: 0.1325 | AH5: 7897.634 7968.461 7917.867 7779.594 7923.621 7978.226
A6: sparse | B6: 300 | C6: 2:32 | D6: 5 | E6: run_avg3 | F6: 6 | G6: 4194304 | H6: 1024 | I6: 2097152 | J6: 0.5 | K6: 8005.26 | L6: 7886.723 | M6: 8122.858 | N6: 2.994 | O6: 523.944 | P6: 92.21 | Q6: 105.6 | R6: 87.3 | S6: 1073.04 | T6: 67.06 | U6: 15.481 | V6: 16 | W6: 96.8 | X6: 11 | Y6: 512 | Z6: 2.0958 | AA6: 6990.5 | AB6: 0.8732 | AC6: 685.5 | AD6: 0.955 | AE6: 4.5 | AF6: 33.53 | AG6: 0.131 | AH6: 7953.457 8010.233 8059.005 8122.858 7999.282 7886.723
A7: sparse | B7: 300 | C7: MIXED | D7: 6 | E7: run_avg3 | F7: 6 | G7: 1048576 | H7: 1024 | I7: 1966080 | J7: 1.875 | K7: 7444.906 | L7: 7232.363 | M7: 7641.087 | N7: 5.651 | O7: 140.845 | P7: 92.96 | Q7: 105.6 | R7: 88 | S7: 288.45 | T7: 67.61 | U7: 4.162 | X7: 11 | Y7: 512 | Z7: 0.5634 | AA7: 6553.6 | AB7: 0.8803 | AC7: 684 | AD7: 0.9693 | AE7: 3.07 | AF7: 33.8 | AG7: 0.1321 | AH7: 7524.872 7393.941 7232.363 7641.087 7407.585 7469.585
A8: dense | B8: 325 | C8: dense | D8: 1 | E8: run_avg3 | F8: 3 | G8: 262144 | H8: 1024 | I8: 2097152 | J8: 8 | K8: 7130.17 | L8: 7116.794 | M8: 7141.519 | N8: 0.347 | O8: 36.765 | P8: 75.3 | Q8: 83.2 | R8: 90.5 | S8: 75.3 | T8: 75.3 | U8: 1 | X8: 8 | Y8: 512 | Z8: 0.1471 | AA8: 6452.8 | AB8: 0.905 | AC8: 457.9 | AD8: 0.9671 | AE8: 3.29 | AF8: 37.65 | AG8: 0.1471 | AH8: 7141.519 7132.197 7116.794
A9: sparse | B9: 325 | C9: 2:4 | D9: 2 | E9: run_avg3 | F9: 3 | G9: 524288 | H9: 1024 | I9: 2097152 | J9: 4 | K9: 7306.062 | L9: 7233.533 | M9: 7346.612 | N9: 1.563 | O9: 71.761 | P9: 101.04 | Q9: 114.4 | R9: 88.3 | S9: 146.97 | T9: 73.48 | U9: 1.952 | V9: 2 | W9: 97.6 | X9: 11 | Y9: 512 | Z9: 0.287 | AA9: 6452.8 | AB9: 0.8832 | AC9: 619.1 | AD9: 0.965 | AE9: 3.5 | AF9: 36.74 | AG9: 0.1435 | AH9: 7233.533 7346.612 7338.041
A10: sparse | B10: 325 | C10: 2:8 | D10: 3 | E10: run_avg3 | F10: 3 | G10: 1048576 | H10: 1024 | I10: 2097152 | J10: 2 | K10: 7318.191 | L10: 7261.852 | M10: 7357.319 | N10: 1.315 | O10: 143.283 | P10: 100.87 | Q10: 114.4 | R10: 88.2 | S10: 293.44 | T10: 73.36 | U10: 3.897 | V10: 4 | W10: 97.4 | X10: 11 | Y10: 512 | Z10: 0.5731 | AA10: 6452.8 | AB10: 0.8817 | AC10: 569.5 | AD10: 0.9562 | AE10: 4.38 | AF10: 36.68 | AG10: 0.1433 | AH10: 7261.852 7357.319 7335.403
A11: sparse | B11: 325 | C11: 2:16 | D11: 4 | E11: run_avg3 | F11: 3 | G11: 2097152 | H11: 1024 | I11: 2097152 | J11: 1 | K11: 7340.937 | L11: 7239.728 | M11: 7404.427 | N11: 2.275 | O11: 285.679 | P11: 100.56 | Q11: 114.4 | R11: 87.9 | S11: 585.07 | T11: 73.13 | U11: 7.77 | V11: 8 | W11: 97.1 | X11: 11 | Y11: 512 | Z11: 1.1427 | AA11: 6452.8 | AB11: 0.879 | AC11: 603.7 | AD11: 0.9578 | AE11: 4.22 | AF11: 36.57 | AG11: 0.1428 | AH11: 7239.728 7378.655 7404.427
A12: sparse | B12: 325 | C12: 2:32 | D12: 5 | E12: run_avg3 | F12: 3 | G12: 4194304 | H12: 1024 | I12: 2097152 | J12: 0.5 | K12: 7511.888 | L12: 7482.858 | M12: 7546.398 | N12: 0.849 | O12: 558.355 | P12: 98.27 | Q12: 114.4 | R12: 85.9 | S12: 1143.51 | T12: 71.47 | U12: 15.187 | V12: 16 | W12: 94.9 | X12: 11 | Y12: 512 | Z12: 2.2334 | AA12: 6452.8 | AB12: 0.859 | AC12: 685.5 | AD12: 0.9453 | AE12: 5.47 | AF12: 35.73 | AG12: 0.1396 | AH12: 7506.409 7546.398 7482.858
A13: sparse | B13: 325 | C13: MIXED | D13: 6 | E13: run_avg3 | F13: 3 | G13: 1048576 | H13: 1024 | I13: 1966080 | J13: 1.875 | K13: 6917.779 | L13: 6881.079 | M13: 6938.383 | N13: 0.833 | O13: 151.577 | P13: 100.04 | Q13: 114.4 | R13: 87.4 | S13: 310.43 | T13: 72.76 | U13: 4.123 | X13: 11 | Y13: 512 | Z13: 0.6063 | AA13: 6049.5 | AB13: 0.8745 | AC13: 684 | AD13: 0.9704 | AE13: 2.96 | AF13: 36.38 | AG13: 0.1421 | AH13: 6938.383 6881.079 6933.876

Sheet Shapes
A1: design | B1: sparsity | C1: shape | D1: dimensions | E1: matrix_elements | F1: shape_order | G1: sparsity_order | H1: M_rows | I1: N_cols | J1: nwin | K1: beats_per_matrix | L1: batch_R | M1: latency_per_matrix_us | N1: ideal_per_matrix_us | O1: dsp_occupancy | P1: GFLOPS_effective | Q1: GFLOPS_actual | R1: bandwidth_GBs | S1: speedup_vs_dense | T1: latency_norm_dense | U1: theory_speedup | V1: pct_of_theory | W1: spread_pct | X1: data_source
A2: dense | B2: dense | C2: G1 | D2: 512x512 | E2: 262144 | F2: 1 | G2: 1 | H2: 512 | I2: 512 | J2: 16 | K2: 2048 | L2: 1024 | M2: 7.0757 | N2: 6.8267 | O2: 0.9648 | P2: 74.1 | Q2: 74.1 | R2: 74.1 | S2: 1 | T2: 1 | W2: 0.494 | X2: measured
A3: dense | B3: dense | C3: G2 | D3: 768x768 | E3: 589824 | F3: 2 | G3: 1 | H3: 768 | I3: 768 | J3: 24 | K3: 4608 | L3: 456 | M3: 16.036 | N3: 15.36 | O3: 0.9578 | P3: 73.56 | Q3: 73.56 | R3: 73.56 | S3: 1 | T3: 1 | W3: 1.384 | X3: measured
A4: dense | B4: dense | C4: G3 | D4: 1024x1024 | E4: 1048576 | F4: 3 | G4: 1 | H4: 1024 | I4: 1024 | J4: 32 | K4: 8192 | L4: 256 | M4: 27.7848 | N4: 27.3067 | O4: 0.9828 | P4: 75.48 | Q4: 75.48 | R4: 75.48 | S4: 1 | T4: 1 | W4: 2.95 | X4: measured
A5: dense | B5: dense | C5: G4 | D5: 3072x768 | E5: 2359296 | F5: 4 | G5: 1 | H5: 3072 | I5: 768 | J5: 24 | K5: 18432 | L5: 114 | M5: 63.3179 | N5: 61.44 | O5: 0.9703 | P5: 74.52 | Q5: 74.52 | R5: 74.52 | S5: 1 | T5: 1 | W5: 3.28 | X5: measured
A6: dense | B6: dense | C6: G5 | D6: 768x3072 | E6: 2359296 | F6: 5 | G6: 1 | H6: 768 | I6: 3072 | J6: 96 | K6: 18432 | L6: 114 | M6: 63.8128 | N6: 61.44 | O6: 0.9628 | P6: 73.94 | Q6: 73.94 | R6: 73.94 | S6: 1 | T6: 1 | W6: 1.978 | X6: measured
A7: dense | B7: dense | C7: G6 | D7: 4096x1024 | E7: 4194304 | F7: 6 | G7: 1 | H7: 4096 | I7: 1024 | J7: 32 | K7: 32768 | L7: 64 | M7: 113.5937 | N7: 109.2267 | O7: 0.9616 | P7: 73.85 | Q7: 73.85 | R7: 73.85 | S7: 1 | T7: 1 | W7: 0.131 | X7: measured
A8: dense | B8: dense | C8: G7 | D8: 1024x4096 | E8: 4194304 | F8: 7 | G8: 1 | H8: 1024 | I8: 4096 | J8: 128 | K8: 32768 | L8: 64 | M8: 113.0586 | N8: 109.2267 | O8: 0.9661 | P8: 74.2 | Q8: 74.2 | R8: 74.2 | S8: 1 | T8: 1 | W8: 0.769 | X8: measured
A9: dense | B9: dense | C9: G8 | D9: 2048x2048 | E9: 4194304 | F9: 8 | G9: 1 | H9: 2048 | I9: 2048 | J9: 64 | K9: 32768 | L9: 64 | M9: 112.6688 | N9: 109.2267 | O9: 0.9694 | P9: 74.45 | Q9: 74.45 | R9: 74.45 | S9: 1 | T9: 1 | W9: 2.467 | X9: measured
A10: dense | B10: dense | C10: G9 | D10: 4096x4096 | E10: 16777216 | F10: 9 | G10: 1 | H10: 4096 | I10: 4096 | J10: 128 | K10: 131072 | L10: 16 | M10: 452.4202 | N10: 436.9067 | O10: 0.9657 | P10: 74.17 | Q10: 74.17 | R10: 74.17 | S10: 1 | T10: 1 | W10: 1.555 | X10: measured
A11: dense | B11: dense | C11: G10 | D11: 8192x2048 | E11: 16777216 | F11: 10 | G11: 1 | H11: 8192 | I11: 2048 | J11: 64 | K11: 131072 | L11: 16 | M11: 453.9778 | N11: 436.9067 | O11: 0.9624 | P11: 73.91 | Q11: 73.91 | R11: 73.91 | S11: 1 | T11: 1 | W11: 0.217 | X11: measured
A12: dense | B12: dense | C12: G11 | D12: 2048x8192 | E12: 16777216 | F12: 11 | G12: 1 | H12: 2048 | I12: 8192 | J12: 256 | K12: 131072 | L12: 16 | M12: 454.7025 | N12: 436.9067 | O12: 0.9609 | P12: 73.79 | Q12: 73.79 | R12: 73.79 | S12: 1 | T12: 1 | W12: 2.736 | X12: measured
A13: dense | B13: dense | C13: GEOMEAN | F13: 12 | G13: 1 | O13: 0.9659 | P13: 74.18 | S13: 1 | T13: 1 | X13: measured
A14: sparse | B14: 2:4 | C14: G1 | D14: 512x512 | E14: 262144 | F14: 1 | G14: 2 | H14: 512 | I14: 512 | J14: 16 | K14: 1024 | L14: 2048 | M14: 3.5338 | N14: 3.4133 | O14: 0.9659 | P14: 148.36 | Q14: 74.18 | R14: 102 | S14: 2.0023 | T14: 0.4994 | U14: 2 | V14: 100.11 | W14: 1.587 | X14: measured
A15: sparse | B15: 2:4 | C15: G2 | D15: 768x768 | E15: 589824 | F15: 2 | G15: 2 | H15: 768 | I15: 768 | J15: 24 | K15: 2304 | L15: 911 | M15: 7.8966 | N15: 7.68 | O15: 0.9726 | P15: 149.39 | Q15: 74.69 | R15: 102.7 | S15: 2.0307 | T15: 0.4924 | U15: 2 | V15: 101.54 | W15: 0.659 | X15: measured
A16: sparse | B16: 2:4 | C16: G3 | D16: 1024x1024 | E16: 1048576 | F16: 3 | G16: 2 | H16: 1024 | I16: 1024 | J16: 32 | K16: 4096 | L16: 512 | M16: 14.2399 | N16: 13.6533 | O16: 0.9588 | P16: 147.27 | Q16: 73.64 | R16: 101.25 | S16: 1.9512 | T16: 0.5125 | U16: 2 | V16: 97.56 | W16: 0.28 | X16: measured
A17: sparse | B17: 2:4 | C17: G4 | D17: 3072x768 | E17: 2359296 | F17: 4 | G17: 2 | H17: 3072 | I17: 768 | J17: 24 | K17: 9216 | L17: 228 | M17: 31.9946 | N17: 30.72 | O17: 0.9602 | P17: 147.48 | Q17: 73.74 | R17: 101.39 | S17: 1.979 | T17: 0.5053 | U17: 2 | V17: 98.95 | W17: 1.176 | X17: measured
A18: sparse | B18: 2:4 | C18: G5 | D18: 768x3072 | E18: 2359296 | F18: 5 | G18: 2 | H18: 768 | I18: 3072 | J18: 96 | K18: 9216 | L18: 228 | M18: 31.8702 | N18: 30.72 | O18: 0.9639 | P18: 148.06 | Q18: 74.03 | R18: 101.79 | S18: 2.0023 | T18: 0.4994 | U18: 2 | V18: 100.11 | W18: 0.564 | X18: measured
A19: sparse | B19: 2:4 | C19: G6 | D19: 4096x1024 | E19: 4194304 | F19: 6 | G19: 2 | H19: 4096 | I19: 1024 | J19: 32 | K19: 16384 | L19: 128 | M19: 56.2487 | N19: 54.6133 | O19: 0.9709 | P19: 149.13 | Q19: 74.57 | R19: 102.53 | S19: 2.0195 | T19: 0.4952 | U19: 2 | V19: 100.97 | W19: 1.65 | X19: measured
A20: sparse | B20: 2:4 | C20: G7 | D20: 1024x4096 | E20: 4194304 | F20: 7 | G20: 2 | H20: 1024 | I20: 4096 | J20: 128 | K20: 16384 | L20: 128 | M20: 56.5902 | N20: 54.6133 | O20: 0.9651 | P20: 148.23 | Q20: 74.12 | R20: 101.91 | S20: 1.9978 | T20: 0.5005 | U20: 2 | V20: 99.89 | W20: 0.692 | X20: measured
A21: sparse | B21: 2:4 | C21: G8 | D21: 2048x2048 | E21: 4194304 | F21: 8 | G21: 2 | H21: 2048 | I21: 2048 | J21: 64 | K21: 16384 | L21: 128 | M21: 57.058 | N21: 54.6133 | O21: 0.9572 | P21: 147.02 | Q21: 73.51 | R21: 101.08 | S21: 1.9746 | T21: 0.5064 | U21: 2 | V21: 98.73 | W21: 1.701 | X21: measured
A22: sparse | B22: 2:4 | C22: G9 | D22: 4096x4096 | E22: 16777216 | F22: 9 | G22: 2 | H22: 4096 | I22: 4096 | J22: 128 | K22: 65536 | L22: 32 | M22: 223.9066 | N22: 218.4533 | O22: 0.9756 | P22: 149.86 | Q22: 74.93 | R22: 103.03 | S22: 2.0206 | T22: 0.4949 | U22: 2 | V22: 101.03 | W22: 1.917 | X22: measured
A23: sparse | B23: 2:4 | C23: G10 | D23: 8192x2048 | E23: 16777216 | F23: 10 | G23: 2 | H23: 8192 | I23: 2048 | J23: 64 | K23: 65536 | L23: 32 | M23: 226.7357 | N23: 218.4533 | O23: 0.9635 | P23: 147.99 | Q23: 73.99 | R23: 101.74 | S23: 2.0022 | T23: 0.4994 | U23: 2 | V23: 100.11 | W23: 1.329 | X23: measured
A24: sparse | B24: 2:4 | C24: G11 | D24: 2048x8192 | E24: 16777216 | F24: 11 | G24: 2 | H24: 2048 | I24: 8192 | J24: 256 | K24: 65536 | L24: 32 | M24: 225.1055 | N24: 218.4533 | O24: 0.9704 | P24: 149.06 | Q24: 74.53 | R24: 102.48 | S24: 2.02 | T24: 0.4951 | U24: 2 | V24: 101 | W24: 0.099 | X24: measured
A25: sparse | B25: 2:4 | C25: GEOMEAN | F25: 12 | G25: 2 | O25: 0.9658 | P25: 148.35 | S25: 1.9999 | T25: 0.5 | U25: 2 | V25: 99.99 | X25: measured
A26: sparse | B26: 2:8 | C26: G1 | D26: 512x512 | E26: 262144 | F26: 1 | G26: 3 | H26: 512 | I26: 512 | J26: 16 | K26: 512 | L26: 4096 | M26: 1.8181 | N26: 1.7067 | O26: 0.9387 | P26: 288.37 | Q26: 72.09 | R26: 99.13 | S26: 3.8918 | T26: 0.2569 | U26: 4 | V26: 97.3 | W26: 2.141 | X26: measured
A27: sparse | B27: 2:8 | C27: G2 | D27: 768x768 | E27: 589824 | F27: 2 | G27: 3 | H27: 768 | I27: 768 | J27: 24 | K27: 1152 | L27: 1821 | M27: 4.0381 | N27: 3.84 | O27: 0.9509 | P27: 292.13 | Q27: 73.03 | R27: 100.42 | S27: 3.9712 | T27: 0.2518 | U27: 4 | V27: 99.28 | W27: 2.463 | X27: measured
A28: sparse | B28: 2:8 | C28: G3 | D28: 1024x1024 | E28: 1048576 | F28: 3 | G28: 3 | H28: 1024 | I28: 1024 | J28: 32 | K28: 2048 | L28: 1024 | M28: 7.175 | N28: 6.8267 | O28: 0.9514 | P28: 292.28 | Q28: 73.07 | R28: 100.47 | S28: 3.8724 | T28: 0.2582 | U28: 4 | V28: 96.81 | W28: 0.323 | X28: measured
A29: sparse | B29: 2:8 | C29: G4 | D29: 3072x768 | E29: 2359296 | F29: 4 | G29: 3 | H29: 3072 | I29: 768 | J29: 24 | K29: 4608 | L29: 456 | M29: 16.0976 | N29: 15.36 | O29: 0.9542 | P29: 293.12 | Q29: 73.28 | R29: 100.76 | S29: 3.9334 | T29: 0.2542 | U29: 4 | V29: 98.33 | W29: 0.969 | X29: measured
A30: sparse | B30: 2:8 | C30: G5 | D30: 768x3072 | E30: 2359296 | F30: 5 | G30: 3 | H30: 768 | I30: 3072 | J30: 96 | K30: 4608 | L30: 456 | M30: 15.9243 | N30: 15.36 | O30: 0.9646 | P30: 296.31 | Q30: 74.08 | R30: 101.86 | S30: 4.0073 | T30: 0.2495 | U30: 4 | V30: 100.18 | W30: 0.327 | X30: measured
A31: sparse | B31: 2:8 | C31: G6 | D31: 4096x1024 | E31: 4194304 | F31: 6 | G31: 3 | H31: 4096 | I31: 1024 | J31: 32 | K31: 8192 | L31: 256 | M31: 28.4773 | N31: 27.3067 | O31: 0.9589 | P31: 294.57 | Q31: 73.64 | R31: 101.26 | S31: 3.9889 | T31: 0.2507 | U31: 4 | V31: 99.72 | W31: 1.735 | X31: measured
A32: sparse | B32: 2:8 | C32: G7 | D32: 1024x4096 | E32: 4194304 | F32: 7 | G32: 3 | H32: 1024 | I32: 4096 | J32: 128 | K32: 8192 | L32: 256 | M32: 28.3859 | N32: 27.3067 | O32: 0.962 | P32: 295.52 | Q32: 73.88 | R32: 101.59 | S32: 3.9829 | T32: 0.2511 | U32: 4 | V32: 99.57 | W32: 0.576 | X32: measured
A33: sparse | B33: 2:8 | C33: G8 | D33: 2048x2048 | E33: 4194304 | F33: 8 | G33: 3 | H33: 2048 | I33: 2048 | J33: 64 | K33: 8192 | L33: 256 | M33: 28.4299 | N33: 27.3067 | O33: 0.9605 | P33: 295.06 | Q33: 73.77 | R33: 101.43 | S33: 3.963 | T33: 0.2523 | U33: 4 | V33: 99.08 | W33: 1.217 | X33: measured
A34: sparse | B34: 2:8 | C34: G9 | D34: 4096x4096 | E34: 16777216 | F34: 9 | G34: 3 | H34: 4096 | I34: 4096 | J34: 128 | K34: 32768 | L34: 64 | M34: 113.8756 | N34: 109.2267 | O34: 0.9592 | P34: 294.66 | Q34: 73.66 | R34: 101.29 | S34: 3.9729 | T34: 0.2517 | U34: 4 | V34: 99.32 | W34: 0.876 | X34: measured
A35: sparse | B35: 2:8 | C35: G10 | D35: 8192x2048 | E35: 16777216 | F35: 10 | G35: 3 | H35: 8192 | I35: 2048 | J35: 64 | K35: 32768 | L35: 64 | M35: 113.8514 | N35: 109.2267 | O35: 0.9594 | P35: 294.72 | Q35: 73.68 | R35: 101.31 | S35: 3.9875 | T35: 0.2508 | U35: 4 | V35: 99.69 | W35: 0.344 | X35: measured
A36: sparse | B36: 2:8 | C36: G11 | D36: 2048x8192 | E36: 16777216 | F36: 11 | G36: 3 | H36: 2048 | I36: 8192 | J36: 256 | K36: 32768 | L36: 64 | M36: 113.2006 | N36: 109.2267 | O36: 0.9649 | P36: 296.42 | Q36: 74.1 | R36: 101.89 | S36: 4.0168 | T36: 0.249 | U36: 4 | V36: 100.42 | W36: 0.857 | X36: measured
A37: sparse | B37: 2:8 | C37: GEOMEAN | F37: 12 | G37: 3 | O37: 0.9568 | P37: 293.92 | S37: 3.9623 | T37: 0.2524 | U37: 4 | V37: 99.06 | X37: measured
A38: sparse | B38: 2:16 | C38: G1 | D38: 512x512 | E38: 262144 | F38: 1 | G38: 4 | H38: 512 | I38: 512 | J38: 16 | K38: 256 | L38: 8192 | M38: 0.9125 | N38: 0.8533 | O38: 0.9351 | P38: 574.54 | Q38: 71.82 | R38: 98.75 | S38: 7.7542 | T38: 0.129 | U38: 8 | V38: 96.93 | W38: 1.261 | X38: measured
A39: sparse | B39: 2:16 | C39: G2 | D39: 768x768 | E39: 589824 | F39: 2 | G39: 4 | H39: 768 | I39: 768 | J39: 24 | K39: 576 | L39: 3641 | M39: 2.0399 | N39: 1.92 | O39: 0.9412 | P39: 578.28 | Q39: 72.29 | R39: 99.39 | S39: 7.8612 | T39: 0.1272 | U39: 8 | V39: 98.26 | W39: 1.041 | X39: measured
A40: sparse | B40: 2:16 | C40: G3 | D40: 1024x1024 | E40: 1048576 | F40: 3 | G40: 4 | H40: 1024 | I40: 1024 | J40: 32 | K40: 1024 | L40: 2048 | M40: 3.5752 | N40: 3.4133 | O40: 0.9547 | P40: 586.58 | Q40: 73.32 | R40: 100.82 | S40: 7.7715 | T40: 0.1287 | U40: 8 | V40: 97.14 | W40: 1.949 | X40: measured
A41: sparse | B41: 2:16 | C41: G4 | D41: 3072x768 | E41: 2359296 | F41: 4 | G41: 4 | H41: 3072 | I41: 768 | J41: 24 | K41: 2304 | L41: 911 | M41: 8.0447 | N41: 7.68 | O41: 0.9547 | P41: 586.55 | Q41: 73.32 | R41: 100.81 | S41: 7.8708 | T41: 0.1271 | U41: 8 | V41: 98.38 | W41: 1.738 | X41: measured
A42: sparse | B42: 2:16 | C42: G5 | D42: 768x3072 | E42: 2359296 | F42: 5 | G42: 4 | H42: 768 | I42: 3072 | J42: 96 | K42: 2304 | L42: 911 | M42: 7.9033 | N42: 7.68 | O42: 0.9717 | P42: 597.04 | Q42: 74.63 | R42: 102.62 | S42: 8.0742 | T42: 0.1239 | U42: 8 | V42: 100.93 | W42: 2.465 | X42: measured
A43: sparse | B43: 2:16 | C43: G6 | D43: 4096x1024 | E43: 4194304 | F43: 6 | G43: 4 | H43: 4096 | I43: 1024 | J43: 32 | K43: 4096 | L43: 512 | M43: 14.2766 | N43: 13.6533 | O43: 0.9563 | P43: 587.58 | Q43: 73.45 | R43: 100.99 | S43: 7.9566 | T43: 0.1257 | U43: 8 | V43: 99.46 | W43: 0.954 | X43: measured
A44: sparse | B44: 2:16 | C44: G7 | D44: 1024x4096 | E44: 4194304 | F44: 7 | G44: 4 | H44: 1024 | I44: 4096 | J44: 128 | K44: 4096 | L44: 512 | M44: 14.1765 | N44: 13.6533 | O44: 0.9631 | P44: 591.73 | Q44: 73.97 | R44: 101.7 | S44: 7.9751 | T44: 0.1254 | U44: 8 | V44: 99.69 | W44: 0.616 | X44: measured
A45: sparse | B45: 2:16 | C45: G8 | D45: 2048x2048 | E45: 4194304 | F45: 8 | G45: 4 | H45: 2048 | I45: 2048 | J45: 64 | K45: 4096 | L45: 512 | M45: 14.0804 | N45: 13.6533 | O45: 0.9697 | P45: 595.76 | Q45: 74.47 | R45: 102.4 | S45: 8.0018 | T45: 0.125 | U45: 8 | V45: 100.02 | W45: 1.255 | X45: measured
A46: sparse | B46: 2:16 | C46: G9 | D46: 4096x4096 | E46: 16777216 | F46: 9 | G46: 4 | H46: 4096 | I46: 4096 | J46: 128 | K46: 16384 | L46: 128 | M46: 56.5787 | N46: 54.6133 | O46: 0.9653 | P46: 593.06 | Q46: 74.13 | R46: 101.93 | S46: 7.9963 | T46: 0.1251 | U46: 8 | V46: 99.95 | W46: 1.635 | X46: measured
A47: sparse | B47: 2:16 | C47: G10 | D47: 8192x2048 | E47: 16777216 | F47: 10 | G47: 4 | H47: 8192 | I47: 2048 | J47: 64 | K47: 16384 | L47: 128 | M47: 56.9705 | N47: 54.6133 | O47: 0.9586 | P47: 588.98 | Q47: 73.62 | R47: 101.23 | S47: 7.9686 | T47: 0.1255 | U47: 8 | V47: 99.61 | W47: 0.257 | X47: measured
A48: sparse | B48: 2:16 | C48: G11 | D48: 2048x8192 | E48: 16777216 | F48: 11 | G48: 4 | H48: 2048 | I48: 8192 | J48: 256 | K48: 16384 | L48: 128 | M48: 56.6514 | N48: 54.6133 | O48: 0.964 | P48: 592.3 | Q48: 74.04 | R48: 101.8 | S48: 8.0263 | T48: 0.1246 | U48: 8 | V48: 100.33 | W48: 4.993 | X48: measured
A49: sparse | B49: 2:16 | C49: GEOMEAN | F49: 12 | G49: 4 | O49: 0.9577 | P49: 588.4 | S49: 7.9318 | T49: 0.1261 | U49: 8 | V49: 99.15 | X49: measured
A50: sparse | B50: 2:32 | C50: G1 | D50: 512x512 | E50: 262144 | F50: 1 | G50: 5 | H50: 512 | I50: 512 | J50: 16 | K50: 128 | L50: 16384 | M50: 0.4657 | N50: 0.4267 | O50: 0.9162 | P50: 1125.89 | Q50: 70.37 | R50: 96.76 | S50: 15.1937 | T50: 0.0658 | U50: 16 | V50: 94.96 | W50: 1.39 | X50: measured
A51: sparse | B51: 2:32 | C51: G2 | D51: 768x768 | E51: 589824 | F51: 2 | G51: 5 | H51: 768 | I51: 768 | J51: 24 | K51: 288 | L51: 7282 | M51: 1.0188 | N51: 0.96 | O51: 0.9423 | P51: 1157.84 | Q51: 72.37 | R51: 99.5 | S51: 15.7401 | T51: 0.0635 | U51: 16 | V51: 98.38 | W51: 0.93 | X51: measured
A52: sparse | B52: 2:32 | C52: G3 | D52: 1024x1024 | E52: 1048576 | F52: 3 | G52: 5 | H52: 1024 | I52: 1024 | J52: 32 | K52: 512 | L52: 4096 | M52: 1.7924 | N52: 1.7067 | O52: 0.9522 | P52: 1170.03 | Q52: 73.13 | R52: 100.55 | S52: 15.5015 | T52: 0.0645 | U52: 16 | V52: 96.88 | W52: 1.242 | X52: measured
A53: sparse | B53: 2:32 | C53: G4 | D53: 3072x768 | E53: 2359296 | F53: 4 | G53: 5 | H53: 3072 | I53: 768 | J53: 24 | K53: 1152 | L53: 1821 | M53: 4.0897 | N53: 3.84 | O53: 0.939 | P53: 1153.79 | Q53: 72.11 | R53: 99.15 | S53: 15.4823 | T53: 0.0646 | U53: 16 | V53: 96.76 | W53: 0.857 | X53: measured
A54: sparse | B54: 2:32 | C54: G5 | D54: 768x3072 | E54: 2359296 | F54: 5 | G54: 5 | H54: 768 | I54: 3072 | J54: 96 | K54: 1152 | L54: 1821 | M54: 3.9411 | N54: 3.84 | O54: 0.9743 | P54: 1197.28 | Q54: 74.83 | R54: 102.89 | S54: 16.1916 | T54: 0.0618 | U54: 16 | V54: 101.2 | W54: 2.57 | X54: measured
A55: sparse | B55: 2:32 | C55: G6 | D55: 4096x1024 | E55: 4194304 | F55: 6 | G55: 5 | H55: 4096 | I55: 1024 | J55: 32 | K55: 2048 | L55: 1024 | M55: 7.2076 | N55: 6.8267 | O55: 0.9471 | P55: 1163.86 | Q55: 72.74 | R55: 100.02 | S55: 15.7603 | T55: 0.0635 | U55: 16 | V55: 98.5 | W55: 0.877 | X55: measured
A56: sparse | B56: 2:32 | C56: G7 | D56: 1024x4096 | E56: 4194304 | F56: 7 | G56: 5 | H56: 1024 | I56: 4096 | J56: 128 | K56: 2048 | L56: 1024 | M56: 7.05 | N56: 6.8267 | O56: 0.9683 | P56: 1189.87 | Q56: 74.37 | R56: 102.25 | S56: 16.0367 | T56: 0.0624 | U56: 16 | V56: 100.23 | W56: 0.814 | X56: measured
A57: sparse | B57: 2:32 | C57: G8 | D57: 2048x2048 | E57: 4194304 | F57: 8 | G57: 5 | H57: 2048 | I57: 2048 | J57: 64 | K57: 2048 | L57: 1024 | M57: 7.1193 | N57: 6.8267 | O57: 0.9589 | P57: 1178.3 | Q57: 73.64 | R57: 101.26 | S57: 15.8258 | T57: 0.0632 | U57: 16 | V57: 98.91 | W57: 0.585 | X57: measured
A58: sparse | B58: 2:32 | C58: G9 | D58: 4096x4096 | E58: 16777216 | F58: 9 | G58: 5 | H58: 4096 | I58: 4096 | J58: 128 | K58: 8192 | L58: 256 | M58: 28.2664 | N58: 27.3067 | O58: 0.966 | P58: 1187.08 | Q58: 74.19 | R58: 102.01 | S58: 16.0056 | T58: 0.0625 | U58: 16 | V58: 100.03 | W58: 0.648 | X58: measured
A59: sparse | B59: 2:32 | C59: G10 | D59: 8192x2048 | E59: 16777216 | F59: 10 | G59: 5 | H59: 8192 | I59: 2048 | J59: 64 | K59: 8192 | L59: 256 | M59: 28.4503 | N59: 27.3067 | O59: 0.9598 | P59: 1179.41 | Q59: 73.71 | R59: 101.36 | S59: 15.9569 | T59: 0.0627 | U59: 16 | V59: 99.73 | W59: 0.91 | X59: measured
A60: sparse | B60: 2:32 | C60: G11 | D60: 2048x8192 | E60: 16777216 | F60: 11 | G60: 5 | H60: 2048 | I60: 8192 | J60: 256 | K60: 8192 | L60: 256 | M60: 27.9589 | N60: 27.3067 | O60: 0.9767 | P60: 1200.13 | Q60: 75.01 | R60: 103.14 | S60: 16.2632 | T60: 0.0615 | U60: 16 | V60: 101.65 | W60: 1.554 | X60: measured
A61: sparse | B61: 2:32 | C61: GEOMEAN | F61: 12 | G61: 5 | O61: 0.9546 | P61: 1173.04 | S61: 15.8113 | T61: 0.0632 | U61: 16 | V61: 98.82 | X61: measured
A62: sparse | B62: MIXED | C62: G1 | D62: 512x512 | E62: 262144 | F62: 1 | G62: 6 | H62: 512 | I62: 512 | J62: 16 | K62: 480 | L62: 4370 | M62: 1.6602 | N62: 1.6 | O62: 0.9638 | P62: 315.8 | Q62: 74.02 | R62: 101.77 | S62: 4.262 | T62: 0.2346 | W62: 0.495 | X62: measured
A63: sparse | B63: MIXED | C63: G2 | D63: 768x768 | E63: 589824 | F63: 2 | G63: 6 | H63: 768 | I63: 768 | J63: 24 | K63: 1080 | L63: 1942 | M63: 3.7231 | N63: 3.6 | O63: 0.9669 | P63: 316.84 | Q63: 74.26 | R63: 102.11 | S63: 4.3072 | T63: 0.2322 | W63: 0.151 | X63: measured
A64: sparse | B64: MIXED | C64: G3 | D64: 1024x1024 | E64: 1048576 | F64: 3 | G64: 6 | H64: 1024 | I64: 1024 | J64: 32 | K64: 1920 | L64: 1093 | M64: 6.4935 | N64: 6.4 | O64: 0.9856 | P64: 322.96 | Q64: 75.69 | R64: 104.08 | S64: 4.2789 | T64: 0.2337 | W64: 2.857 | X64: measured
A65: sparse | B65: MIXED | C65: G4 | D65: 3072x768 | E65: 2359296 | F65: 4 | G65: 6 | H65: 3072 | I65: 768 | J65: 24 | K65: 4320 | L65: 486 | M65: 14.7399 | N65: 14.4 | O65: 0.9769 | P65: 320.12 | Q65: 75.03 | R65: 103.17 | S65: 4.2957 | T65: 0.2328 | W65: 2.63 | X65: measured
A66: sparse | B66: MIXED | C66: G5 | D66: 768x3072 | E66: 2359296 | F66: 5 | G66: 6 | H66: 768 | I66: 3072 | J66: 96 | K66: 4320 | L66: 486 | M66: 14.71 | N66: 14.4 | O66: 0.9789 | P66: 320.77 | Q66: 75.18 | R66: 103.37 | S66: 4.3381 | T66: 0.2305 | W66: 0.743 | X66: measured
A67: sparse | B67: MIXED | C67: G6 | D67: 4096x1024 | E67: 4194304 | F67: 6 | G67: 6 | H67: 4096 | I67: 1024 | J67: 32 | K67: 7680 | L67: 274 | M67: 26.3139 | N67: 25.6 | O67: 0.9729 | P67: 318.79 | Q67: 74.72 | R67: 102.74 | S67: 4.3169 | T67: 0.2316 | W67: 2.248 | X67: measured
A68: sparse | B68: MIXED | C68: G7 | D68: 1024x4096 | E68: 4194304 | F68: 7 | G68: 6 | H68: 1024 | I68: 4096 | J68: 128 | K68: 7680 | L68: 274 | M68: 26.0928 | N68: 25.6 | O68: 0.9811 | P68: 321.49 | Q68: 75.35 | R68: 103.61 | S68: 4.3329 | T68: 0.2308 | W68: 0.615 | X68: measured
A69: sparse | B69: MIXED | C69: G8 | D69: 2048x2048 | E69: 4194304 | F69: 8 | G69: 6 | H69: 2048 | I69: 2048 | J69: 64 | K69: 7680 | L69: 274 | M69: 26.2266 | N69: 25.6 | O69: 0.9761 | P69: 319.85 | Q69: 74.97 | R69: 103.08 | S69: 4.296 | T69: 0.2328 | W69: 0.219 | X69: measured
A70: sparse | B70: MIXED | C70: G9 | D70: 4096x4096 | E70: 16777216 | F70: 9 | G70: 6 | H70: 4096 | I70: 4096 | J70: 128 | K70: 30720 | L70: 69 | M70: 104.3351 | N70: 102.4 | O70: 0.9815 | P70: 321.6 | Q70: 75.38 | R70: 103.64 | S70: 4.3362 | T70: 0.2306 | W70: 0.803 | X70: measured
A71: sparse | B71: MIXED | C71: G10 | D71: 8192x2048 | E71: 16777216 | F71: 10 | G71: 6 | H71: 8192 | I71: 2048 | J71: 64 | K71: 30720 | L71: 69 | M71: 106.1097 | N71: 102.4 | O71: 0.965 | P71: 316.22 | Q71: 74.12 | R71: 101.91 | S71: 4.2784 | T71: 0.2337 | W71: 2.799 | X71: measured
A72: sparse | B72: MIXED | C72: G11 | D72: 2048x8192 | E72: 16777216 | F72: 11 | G72: 6 | H72: 2048 | I72: 8192 | J72: 256 | K72: 30720 | L72: 69 | M72: 104.3028 | N72: 102.4 | O72: 0.9818 | P72: 321.7 | Q72: 75.4 | R72: 103.67 | S72: 4.3594 | T72: 0.2294 | W72: 1.496 | X72: measured
A73: sparse | B73: MIXED | C73: GEOMEAN | F73: 12 | G73: 6 | O73: 0.9755 | P73: 319.65 | S73: 4.3091 | T73: 0.2321 | X73: measured

Sheet Master
A1: design | B1: clock_mhz | C1: sparsity | D1: sparsity_order | E1: sparsity_M | F1: estimator | G1: M_rows | H1: N_cols | I1: weight_beats | J1: beats_per_row | K1: latency_avg_us | L1: latency_best_us | M1: bandwidth_avg_GBs | N1: bandwidth_roofline_GBs | O1: pct_of_roofline | P1: GFLOPS_effective | Q1: GFLOPS_actual | R1: Mrow_s | S1: beats_per_cycle | T1: input_PCs | U1: DSPs | V1: GFLOPS_eff_per_DSP | W1: board_load_W | X1: board_idle_W | Y1: board_dynamic_W | Z1: vccint_load_W | AA1: vccint_idle_W | AB1: vccint_dynamic_W | AC1: noncore_dynamic_W | AD1: energy_nJ_per_row_board | AE1: energy_nJ_per_row_vccint | AF1: GMAC_per_W
A2: dense | B2: 300 | C2: dense | D2: 1 | F2: sweep_fit | G2: 262144 | H2: 1024 | I2: 2097152 | J2: 8 | K2: 7621.5 | L2: 7559.1 | M2: 70.44 | N2: 76.8 | O2: 91.7 | P2: 70.4 | Q2: 70.4 | R2: 36.988 | S2: 0.9863 | T2: 8 | U2: 512 | V2: 0.1376
A3: sparse | B3: 300 | C3: 2:4 | D3: 2 | E3: 4 | F3: sweep_fit | G3: 524288 | H3: 1024 | I3: 2097152 | J3: 4 | K3: 7839.7 | L3: 7774.5 | M3: 94.16 | N3: 105.6 | O3: 89.2 | P3: 137 | Q3: 68.5 | R3: 73.4 | S3: 0.9787 | T3: 11 | U3: 512 | V3: 0.2675
A4: sparse | B4: 300 | C4: 2:8 | D4: 3 | E4: 8 | F4: sweep_fit | G4: 1048576 | H4: 1024 | I4: 2097152 | J4: 2 | K4: 7871.6 | L4: 7693.2 | M4: 93.78 | N4: 105.6 | O4: 88.8 | P4: 272.8 | Q4: 68.2 | R4: 146.437 | S4: 0.9762 | T4: 11 | U4: 512 | V4: 0.5328
A5: sparse | B5: 300 | C5: 2:16 | D5: 4 | E5: 16 | F5: sweep_fit | G5: 2097152 | H5: 1024 | I5: 2097152 | J5: 1 | K5: 7923 | L5: 7777.4 | M5: 93.17 | N5: 105.6 | O5: 88.2 | P5: 542.1 | Q5: 67.8 | R5: 290.729 | S5: 0.9691 | T5: 11 | U5: 512 | V5: 1.0588
A6: sparse | B6: 300 | C6: 2:32 | D6: 5 | E6: 32 | F6: sweep_fit | G6: 4194304 | H6: 1024 | I6: 2097152 | J6: 0.5 | K6: 8047.5 | L6: 7905.6 | M6: 91.73 | N6: 105.6 | O6: 86.9 | P6: 1067.4 | Q6: 66.7 | R6: 578.162 | S6: 0.9636 | T6: 11 | U6: 512 | V6: 2.0848
A7: sparse | B7: 225 | C7: 2:4 | D7: 2 | E7: 4 | F7: sweep_fit | G7: 524288 | H7: 1024 | I7: 2097152 | J7: 4 | K7: 10139.8 | L7: 9977.4 | M7: 72.8 | N7: 79.2 | O7: 91.9 | P7: 105.9 | Q7: 52.9 | R7: 56.033 | S7: 0.9961 | T7: 11 | U7: 512 | V7: 0.2068
A8: sparse | B8: 225 | C8: 2:8 | D8: 3 | E8: 8 | F8: sweep_fit | G8: 1048576 | H8: 1024 | I8: 2097152 | J8: 2 | K8: 10281.8 | L8: 10101.2 | M8: 71.8 | N8: 79.2 | O8: 90.7 | P8: 208.9 | Q8: 52.2 | R8: 109.874 | S8: 0.9767 | T8: 11 | U8: 512 | V8: 0.4079
A9: sparse | B9: 225 | C9: 2:16 | D9: 4 | E9: 16 | F9: sweep_fit | G9: 2097152 | H9: 1024 | I9: 2097152 | J9: 1 | K9: 10287.7 | L9: 10099.3 | M9: 71.76 | N9: 79.2 | O9: 90.6 | P9: 417.5 | Q9: 52.2 | R9: 220.347 | S9: 0.9793 | T9: 11 | U9: 512 | V9: 0.8154
A10: sparse | B10: 225 | C10: 2:32 | D10: 5 | E10: 32 | F10: sweep_fit | G10: 4194304 | H10: 1024 | I10: 2097152 | J10: 0.5 | K10: 10403.4 | L10: 10231.3 | M10: 70.96 | N10: 79.2 | O10: 89.6 | P10: 825.7 | Q10: 51.6 | R10: 431.132 | S10: 0.9581 | T10: 11 | U10: 512 | V10: 1.6127
A11: dense | B11: 300 | C11: dense | D11: 1 | F11: power_soak | H11: 1024 | I11: 2097152 | J11: 8 | P11: 72.2 | Q11: 72.2 | R11: 35.265 | T11: 8 | U11: 512 | V11: 0.1411 | W11: 31.297 | X11: 26.924 | Y11: 4.373 | Z11: 7.731 | AA11: 6.657 | AB11: 1.074 | AC11: 3.139 | AD11: 887.5 | AE11: 219.2 | AF11: 1.154
A12: dense | B12: 325 | C12: dense | D12: 1 | F12: power_soak | H12: 1024 | I12: 2097152 | J12: 8 | P12: 78 | Q12: 78 | R12: 38.094 | T12: 8 | U12: 512 | V12: 0.1524 | W12: 31.724 | X12: 27.077 | Y12: 4.647 | Z12: 7.809 | AA12: 6.764 | AB12: 1.045 | AC12: 3.446 | AD12: 832.8 | AE12: 205 | AF12: 1.23
A13: sparse | B13: 300 | C13: 2:4 | D13: 2 | E13: 4 | F13: power_soak | H13: 1024 | I13: 2097152 | J13: 4 | P13: 142.9 | Q13: 71.4 | R13: 69.771 | T13: 11 | U13: 512 | V13: 0.2791 | W13: 35.442 | X13: 30.138 | Y13: 5.304 | Z13: 7.756 | AA13: 7.095 | AB13: 0.661 | AC13: 4.544 | AD13: 508 | AE13: 111.2 | AF13: 2.016
A14: sparse | B14: 325 | C14: 2:4 | D14: 2 | E14: 4 | F14: power_soak | H14: 1024 | I14: 2097152 | J14: 4 | P14: 155.5 | Q14: 77.7 | R14: 75.919 | T14: 11 | U14: 512 | V14: 0.3037 | W14: 35.994 | X14: 30.165 | Y14: 5.829 | Z14: 7.911 | AA14: 7.126 | AB14: 0.785 | AC14: 4.927 | AD14: 474.1 | AE14: 104.2 | AF14: 2.16
A15: sparse | B15: 300 | C15: 2:8 | D15: 3 | E15: 8 | F15: power_soak | H15: 1024 | I15: 2097152 | J15: 2 | P15: 285.2 | Q15: 71.3 | R15: 139.266 | T15: 11 | U15: 512 | V15: 0.5571 | W15: 35.327 | X15: 30.115 | Y15: 5.212 | Z15: 7.823 | AA15: 7.17 | AB15: 0.653 | AC15: 4.461 | AD15: 253.7 | AE15: 56.2 | AF15: 4.037
A16: sparse | B16: 325 | C16: 2:8 | D16: 3 | E16: 8 | F16: power_soak | H16: 1024 | I16: 2097152 | J16: 2 | P16: 307.7 | Q16: 76.9 | R16: 150.235 | T16: 11 | U16: 512 | V16: 0.6009 | W16: 35.452 | X16: 30.164 | Y16: 5.288 | Z16: 7.951 | AA16: 7.177 | AB16: 0.774 | AC16: 4.398 | AD16: 236 | AE16: 52.9 | AF16: 4.339
A17: sparse | B17: 300 | C17: 2:16 | D17: 4 | E17: 16 | F17: power_soak | H17: 1024 | I17: 2097152 | J17: 1 | P17: 565 | Q17: 70.6 | R17: 275.864 | T17: 11 | U17: 512 | V17: 1.1035 | W17: 35.413 | X17: 30.226 | Y17: 5.187 | Z17: 7.909 | AA17: 7.172 | AB17: 0.737 | AC17: 4.34 | AD17: 128.4 | AE17: 28.7 | AF17: 7.977
A18: sparse | B18: 325 | C18: 2:16 | D18: 4 | E18: 16 | F18: power_soak | H18: 1024 | I18: 2097152 | J18: 1 | P18: 609.2 | Q18: 76.1 | R18: 297.452 | T18: 11 | U18: 512 | V18: 1.1898 | W18: 36.084 | X18: 30.201 | Y18: 5.883 | Z18: 8.037 | AA18: 7.21 | AB18: 0.827 | AC18: 4.932 | AD18: 121.3 | AE18: 27 | AF18: 8.441
A19: sparse | B19: 300 | C19: 2:32 | D19: 5 | E19: 32 | F19: power_soak | H19: 1024 | I19: 2097152 | J19: 0.5 | P19: 1117 | Q19: 69.8 | R19: 545.417 | T19: 11 | U19: 512 | V19: 2.1817 | W19: 35.521 | X19: 30.138 | Y19: 5.383 | Z19: 7.906 | AA19: 7.249 | AB19: 0.657 | AC19: 4.628 | AD19: 65.1 | AE19: 14.5 | AF19: 15.723
A20: sparse | B20: 325 | C20: 2:32 | D20: 5 | E20: 32 | F20: power_soak | H20: 1024 | I20: 2097152 | J20: 0.5 | P20: 1211.1 | Q20: 75.7 | R20: 591.371 | T20: 11 | U20: 512 | V20: 2.3655 | W20: 36.338 | X20: 30.336 | Y20: 6.002 | Z20: 8.058 | AA20: 7.261 | AB20: 0.797 | AC20: 5.086 | AD20: 61.4 | AE20: 13.6 | AF20: 16.665
A21: sparse | B21: 300 | C21: MIXED 2:4|2:8|2:16|2:32 | D21: 99 | F21: mixed_run_avg3 | G21: 1048576 | H21: 1024 | I21: 1966080 | J21: 1.875 | K21: 7417.2 | L21: 7400.7 | M21: 93.588 | N21: 105.6 | O21: 88.6 | P21: 289.5 | Q21: 67.9 | R21: 141.371 | S21: 0.9757 | T21: 11 | U21: 512 | V21: 0.5655

Sheet Mixed sparsity
A1: row_type | B1: seq | C1: sparsity_code | D1: sparsity | E1: freeze_cycles | F1: beats_per_lap | G1: laps | H1: rows | I1: weight_beats | J1: us_per_beat_own_uniform_fit | K1: predicted_compute_us | L1: kernel_span_us | M1: bandwidth_GBs | N1: Mrow_s | O1: beats_per_cycle_raw | P1: span_best_us | Q1: span_worst_us | R1: spread_pct | S1: implied_overhead_us | T1: beats_per_cycle_overhead_corrected | U1: GFLOPS_effective
A2: segment | B2: 0 | C2: 00 | D2: 2:4 | E2: 8 | F2: 256 | G2: 4096 | H2: 262144 | I2: 1048576 | J2: 0.003406 | K2: 3571.4
A3: segment | B3: 1 | C3: 01 | D3: 2:8 | E3: 4 | F3: 128 | G3: 4096 | H3: 262144 | I3: 524288 | J3: 0.003414 | K3: 1789.9
A4: segment | B4: 2 | C4: 10 | D4: 2:16 | E4: 2 | F4: 64 | G4: 4096 | H4: 262144 | I4: 262144 | J4: 0.00344 | K4: 901.8
A5: segment | B5: 3 | C5: 11 | D5: 2:32 | E5: 1 | F5: 32 | G5: 4096 | H5: 262144 | I5: 131072 | J5: 0.003459 | K5: 453.4
A6: total | D6: MIXED | G6: 16384 | H6: 1048576 | I6: 1966080 | K6: 6716.5
A7: repetition | B7: 1 | D7: MIXED | H7: 1048576 | I7: 1966080 | L7: 7400.701 | M7: 93.796 | N7: 141.686 | O7: 0.886
A8: repetition | B8: 2 | D8: MIXED | H8: 1048576 | I8: 1966080 | L8: 7421.583 | M8: 93.533 | N8: 141.287 | O8: 0.883
A9: repetition | B9: 3 | D9: MIXED | H9: 1048576 | I9: 1966080 | L9: 7429.368 | M9: 93.435 | N9: 141.139 | O9: 0.882
A10: summary | D10: MIXED | G10: 16384 | H10: 1048576 | I10: 1966080 | K10: 6716.5 | L10: 7417.217 | M10: 93.588 | N10: 141.371 | O10: 0.8837 | P10: 7400.701 | Q10: 7429.368 | R10: 0.387 | S10: 700.7 | T10: 0.9757 | U10: 289.5

Sheet Floorplan SLR
A1: site_type | B1: SLR0 | C1: SLR1 | D1: SLR2 | E1: SLR0_pct | F1: SLR1_pct | G1: SLR2_pct | H1: holds
A2: CLB | B2: 19261 | C2: 20726 | D2: 8372 | E2: 35.05 | F2: 38.38 | G2: 15.5
A3: CLB LUTs | B3: 69453 | C3: 113940 | D3: 35362 | E3: 15.8 | F3: 26.38 | G3: 8.19
A4: LUT as Logic | B4: 53540 | C4: 104211 | D4: 32322 | E4: 12.18 | F4: 24.12 | G4: 7.48
A5: LUT as Memory | B5: 15913 | C5: 9729 | D5: 3040 | E5: 7.75 | F5: 4.92 | G5: 1.54
A6: CLB Registers | B6: 133849 | C6: 133678 | D6: 60953 | E6: 15.22 | F6: 15.47 | G6: 7.05
A7: CARRY8 | B7: 1311 | C7: 3357 | D7: 313 | E7: 2.39 | F7: 6.22 | G7: 0.58
A8: F7 Muxes | B8: 3143 | C8: 8843 | D8: 1054 | E8: 1.43 | F8: 4.09 | G8: 0.49 | H8: 8192 of SLR1's are the sparse gather muxes
A9: F8 Muxes | B9: 16 | C9: 141 | D9: 47 | E9: 0.01 | F9: 0.13 | G9: 0.04
A10: Block RAM Tile | B10: 276 | C10: 154.5 | D10: 94 | E10: 41.07 | F10: 22.99 | G10: 13.99 | H10: SLR0 highest (41%) = mover FIFOs + HBM interconnect
A11: URAM | B11: 0 | C11: 0 | D11: 0 | E11: 0 | F11: 0 | G11: 0
A12: DSPs | B12: 0 | C12: 512 | D12: 4 | E12: 0 | F12: 16.67 | G12: 0.13 | H12: ALL 512 in SLR1 = the entire GEMV engine, one die
A13: GTs | B13: 16 | C13: 0 | D13: 0 | H13: SLR0 only = PCIe transceivers
A14: SLL SLR1<->SLR0 | C14: 6853 | H14: the 17 AXIS kernel-to-kernel streams
A15: SLL SLR2<->SLR1 | C15: 3993 | H15: platform, not ours
A16: SLL total | C16: 10846

Sheet Chart Data
A1: Shape | B1: 2:4 | C1: 2:8 | D1: 2:16 | E1: 2:32 | G1: Sparsity | H1: 300 MHz | I1: 325 MHz | K1: Sparsity | L1: Rows computed | M1: Latency (us) | P1: Sparsity | Q1: GFLOPS actual per DSP | R1: GFLOPS effective per DSP | U1: Sparsity | V1: 300 MHz | W1: 325 MHz | Y1: Sparsity | Z1: 300 MHz | AA1: 325 MHz | AC1: Sparsity | AD1: Board load (W) | AF1: Case | AG1: 2:4 segment | AH1: 2:8 segment | AI1: 2:16 segment | AJ1: 2:32 segment | AK1: launch overhead | AL1: Measured kernel span | AN1: Dimensions | AO1: dense | AP1: 2:4 | AQ1: 2:8 | AR1: 2:16 | AS1: 2:32 | AT1: dense (eff) | AU1: 2:4 (eff) | AV1: 2:8 (eff) | AW1: 2:16 (eff) | AX1: 2:32 (eff) | AY1: hardware ceiling | BA1: Hardware ceiling (GFLOPS) | BC1: Dimensions | BD1: dense | BE1: 2:4 | BF1: 2:8 | BG1: 2:16 | BH1: 2:32 | BI1: hardware ceiling (2 flops x 128 MACs x 300 MHz) | BK1: Dimensions | BL1: dense | BM1: 2:4 | BN1: 2:8 | BO1: 2:16 | BP1: 2:32 | BQ1: MIXED | BS1: Sparsity | BT1: Dimensions | BU1: Static (pJ/element) | BV1: Dynamic (pJ/element) | BX1: Src row (helper) | BY1: Dimensions | BZ1: Sparsity | CA1: Static (pJ/element) | CB1: Dynamic (pJ/element) | CD1: Dimensions | CE1: Sparsity | CF1: Static (uJ) | CG1: Dynamic (uJ) | CI1: Configuration | CJ1: 300 MHz | CK1: 325 MHz | CM1: Configuration | CN1: 300 MHz | CO1: 325 MHz | CQ1: Configuration | CR1: measured 325/300 | CS1: ideal (325/300) | CU1: Configuration | CV1: 300 MHz | CW1: 325 MHz | CY1: Dimensions | CZ1: dense | DA1: 2:4 | DB1: 2:8 | DC1: 2:16 | DD1: 2:32 | DF1: Dimensions | DG1: dense | DH1: 2:4 | DI1: 2:8 | DJ1: 2:16 | DK1: 2:32 | DL1: MIXED | DN1: Src row (helper) | DO1: Dimensions | DP1: Sparsity | DQ1: Static (pJ/element) | DR1: Dynamic (pJ/element) | DT1: Dimensions | DU1: Sparsity | DV1: Static (uJ) | DW1: Dynamic (uJ) | DY1: Serpens matrix | DZ1: 300 MHz | EA1: 325 MHz | EB1: parity | ED1: Serpens matrix | EE1: Serpens-A16 | EF1: This engine, 300 MHz | EG1: roofline | EI1: CORES × BLOCKS | EJ1: Fmax (MHz) | EL1: CORES × BLOCKS | EM1: LUT | EN1: FF | EO1: Fmax (MHz) | EP1: Src row (helper) | EQ1: Family | ER1: 4 cores | ES1: 8 cores | ET1: 16 cores | EV1: Family | EW1: DSPs | EX1: HBM channels | EZ1: Family | FA1: GMAC/s per channel | FB1: Fmax (MHz)
A2: =Shapes!C14 -> G1 | B2: =Shapes!S14 -> 2.0023 | C2: =Shapes!S26 -> 3.8918 | D2: =Shapes!S38 -> 7.7542 | E2: =Shapes!S50 -> 15.1937 | G2: ='avg3 comparison'!C2 -> dense | H2: ='avg3 comparison'!S2 -> 69.31 | I2: ='avg3 comparison'!S8 -> 75.3 | K2: ='avg3 comparison'!C2 -> dense | L2: ='avg3 comparison'!G2 -> 262144 | M2: ='avg3 comparison'!K2 -> 7745.577 | P2: ='avg3 comparison'!C2 -> dense | Q2: ='avg3 comparison'!AG2 -> 0.1354 | R2: ='avg3 comparison'!Z2 -> 0.1354 | U2: ='avg3 comparison'!C2 -> dense | V2: ='avg3 comparison'!AD2 -> 0.9592 | W2: ='avg3 comparison'!AD8 -> 0.9671 | Y2: =Master!C11 -> dense | Z2: =Master!AD11 -> 887.5 | AA2: =Master!AD12 -> 832.8 | AC2: =Master!C11 -> dense | AD2: =Master!W11 -> 31.297 | AF2: Predicted | AG2: ='Mixed sparsity'!K2 -> 3571.4 | AH2: ='Mixed sparsity'!K3 -> 1789.9 | AI2: ='Mixed sparsity'!K4 -> 901.8 | AJ2: ='Mixed sparsity'!K5 -> 453.4 | AK2: ='Mixed sparsity'!S10 -> 700.7 | AN2: =Shapes!D2 -> 512x512 | AO2: =Shapes!Q2 -> 74.1 | AP2: =Shapes!Q14 -> 74.18 | AQ2: =Shapes!Q26 -> 72.09 | AR2: =Shapes!Q38 -> 71.82 | AS2: =Shapes!Q50 -> 70.37 | AT2: =Shapes!P2 -> 74.1 | AU2: =Shapes!P14 -> 148.36 | AV2: =Shapes!P26 -> 288.37 | AW2: =Shapes!P38 -> 574.54 | AX2: =Shapes!P50 -> 1125.89 | AY2: =$BA$2 -> 76.8 | BA2: =2*128*300/1000 -> 76.8 | BC2: =AN2 -> 512x512 | BD2: =AO2 -> 74.1 | BE2: =AP2 -> 74.18 | BF2: =AQ2 -> 72.09 | BG2: =AR2 -> 71.82 | BH2: =AS2 -> 70.37 | BI2: =AY2 -> 76.8 | BK2: =Shapes!D2 -> 512x512 | BL2: =Shapes!M2 -> 7.0757 | BM2: =Shapes!M14 -> 3.5338 | BN2: =Shapes!M26 -> 1.8181 | BO2: =Shapes!M38 -> 0.9125 | BP2: =Shapes!M50 -> 0.4657 | BQ2: =Shapes!M62 -> 1.6602 | BS2: =Energy!B2 -> dense | BT2: =Energy!F2 -> 512x512 | BU2: =Energy!Q2 -> 738.87 | BV2: =Energy!R2 -> 118.574 | BX2: =MOD(ROW()-2,6)*11+INT((ROW()-2)/6)+2 -> 2 | BY2: {=IF(MOD(ROW()-2,6)=2,INDEX(Energy!$F:$F,$BX2),"")} | BZ2: {=INDEX(Energy!$B:$B,$BX2)} -> dense | CA2: {=INDEX(Energy!$Q:$Q,$BX2)} -> 738.87 | CB2: {=INDEX(Energy!$R:$R,$BX2)} -> 118.574 | CD2: 512x512 | CE2: {=INDEX(Energy!$B:$B,$BX2)} -> dense | CF2: {=INDEX(Energy!$N:$N,$BX2)} -> 193.69 | CG2: {=INDEX(Energy!$O:$O,$BX2)} -> 31.084 | CI2: ='Clock 300 vs 325'!A2 -> dense | CJ2: =IF('Clock 300 vs 325'!H2="",NA(),'Clock 300 vs 325'!H2) -> 69.31 | CK2: =IF('Clock 300 vs 325'!I2="",NA(),'Clock 300 vs 325'!I2) -> 75.3 | CM2: ='Clock 300 vs 325'!A2 -> dense | CN2: =IF('Clock 300 vs 325'!J2="",NA(),'Clock 300 vs 325'!J2) -> 69.31 | CO2: =IF('Clock 300 vs 325'!K2="",NA(),'Clock 300 vs 325'!K2) -> 75.3 | CQ2: ='Clock 300 vs 325'!A2 -> dense | CR2: =IF('Clock 300 vs 325'!U2="",NA(),'Clock 300 vs 325'!U2) -> 1.0802 | CS2: ='Clock 300 vs 325'!Q2 -> 1.0833 | CU2: ='Clock 300 vs 325'!A2 -> dense | CV2: =IF('Clock 300 vs 325'!AA2="",NA(),'Clock 300 vs 325'!AA2) -> 887.484 | CW2: =IF('Clock 300 vs 325'!AB2="",NA(),'Clock 300 vs 325'!AB2) -> 832.777 | CY2: ='Shapes 325'!D2 -> 512x512 | CZ2: ='Shapes 325'!Q2 -> 79.76 | DA2: ='Shapes 325'!Q14 -> 80.35 | DB2: ='Shapes 325'!Q26 -> 79.12 | DC2: ='Shapes 325'!Q38 -> 78.65 | DD2: ='Shapes 325'!Q50 -> 76.48 | DF2: ='Shapes 325'!D2 -> 512x512 | DG2: ='Shapes 325'!M2 -> 6.5734 | DH2: ='Shapes 325'!M14 -> 3.2625 | DI2: ='Shapes 325'!M26 -> 1.6567 | DJ2: ='Shapes 325'!M38 -> 0.8333 | DK2: ='Shapes 325'!M50 -> 0.4284 | DL2: ='Shapes 325'!M62 -> 1.5274 | DN2: =MOD(ROW()-2,6)*11+INT((ROW()-2)/6)+2 -> 2 | DO2: {=IF(MOD(ROW()-2,6)=2,INDEX('Energy 325'!$F:$F,$DN2),"")} | DP2: {=INDEX('Energy 325'!$B:$B,$DN2)} -> dense | DQ2: {=INDEX('Energy 325'!$Q:$Q,$DN2)} -> 678.97 | DR2: {=INDEX('Energy 325'!$R:$R,$DN2)} -> 116.526 | DT2: 512x512 | DU2: {=INDEX('Energy 325'!$B:$B,$DN2)} -> dense | DV2: {=INDEX('Energy 325'!$N:$N,$DN2)} -> 177.988 | DW2: {=INDEX('Energy 325'!$O:$O,$DN2)} -> 30.547 | DY2: =Serpens!C2 -> G1 googleplus | DZ2: =Serpens!K2 -> 4.93 | EA2: =Serpens!L2 -> 5.363 | EB2: 1 | ED2: =Serpens!C2 -> G1 googleplus | EE2: =Serpens!M2 -> 0.2557 | EF2: =Serpens!N2 -> 0.9687 | EG2: 1 | EI2: ='Diagonal CxB64'!A2 -> 1x64 | EJ2: ='Diagonal CxB64'!K2 -> 417.9 | EL2: ='Diagonal CxB64'!A2 -> 1x64 | EM2: ='Diagonal CxB64'!M2 -> 71557 | EN2: ='Diagonal CxB64'!O2 -> 83643 | EO2: ='Diagonal CxB64'!K2 -> 417.9 | EP2: =(ROW()-2)*3+2 -> 2 | EQ2: {=INDEX('Family AllPoints'!$B:$B,$EP2)} -> T=16 | ER2: {=INDEX('Family AllPoints'!$R:$R,$EP2)} -> 619.6 | ES2: {=INDEX('Family AllPoints'!$R:$R,$EP2+1)} -> 586.9 | ET2: {=INDEX('Family AllPoints'!$R:$R,$EP2+2)} -> 541.1 | EV2: ='Family Scaling'!B2 -> T=16 | EW2: ='Family Scaling'!G2 -> 128 | EX2: ='Family Scaling'!H2 -> 6 | EZ2: ='Family Scaling'!B2 -> T=16 | FA2: ='Family Scaling'!Z2 -> 3.3 | FB2: ='Family Scaling'!R2 -> 619.6
A3: =Shapes!C15 -> G2 | B3: =Shapes!S15 -> 2.0307 | C3: =Shapes!S27 -> 3.9712 | D3: =Shapes!S39 -> 7.8612 | E3: =Shapes!S51 -> 15.7401 | G3: ='avg3 comparison'!C3 -> 2:4 | H3: ='avg3 comparison'!S3 -> 137.19 | I3: ='avg3 comparison'!S9 -> 146.97 | K3: ='avg3 comparison'!C3 -> 2:4 | L3: ='avg3 comparison'!G3 -> 524288 | M3: ='avg3 comparison'!K3 -> 7826.582 | P3: ='avg3 comparison'!C3 -> 2:4 | Q3: ='avg3 comparison'!AG3 -> 0.134 | R3: ='avg3 comparison'!Z3 -> 0.268 | U3: ='avg3 comparison'!C3 -> 2:4 | V3: ='avg3 comparison'!AD3 -> 0.9699 | W3: ='avg3 comparison'!AD9 -> 0.965 | Y3: =Master!C13 -> 2:4 | Z3: =Master!AD13 -> 508 | AA3: =Master!AD14 -> 474.1 | AC3: =Master!C13 -> 2:4 | AD3: =Master!W13 -> 35.442 | AF3: Measured | AL3: ='Mixed sparsity'!L10 -> 7417.217 | AN3: =Shapes!D3 -> 768x768 | AO3: =Shapes!Q3 -> 73.56 | AP3: =Shapes!Q15 -> 74.69 | AQ3: =Shapes!Q27 -> 73.03 | AR3: =Shapes!Q39 -> 72.29 | AS3: =Shapes!Q51 -> 72.37 | AT3: =Shapes!P3 -> 73.56 | AU3: =Shapes!P15 -> 149.39 | AV3: =Shapes!P27 -> 292.13 | AW3: =Shapes!P39 -> 578.28 | AX3: =Shapes!P51 -> 1157.84 | AY3: =$BA$2 -> 76.8 | BC3: =AN3 -> 768x768 | BD3: =AO3 -> 73.56 | BE3: =AP3 -> 74.69 | BF3: =AQ3 -> 73.03 | BG3: =AR3 -> 72.29 | BH3: =AS3 -> 72.37 | BI3: =AY3 -> 76.8 | BK3: =Shapes!D3 -> 768x768 | BL3: =Shapes!M3 -> 16.036 | BM3: =Shapes!M15 -> 7.8966 | BN3: =Shapes!M27 -> 4.0381 | BO3: =Shapes!M39 -> 2.0399 | BP3: =Shapes!M51 -> 1.0188 | BQ3: =Shapes!M63 -> 3.7231 | BS3: =Energy!B3 -> dense | BT3: =Energy!F3 -> 768x768 | BU3: =Energy!Q3 -> 744.238 | BV3: =Energy!R3 -> 119.436 | BX3: =MOD(ROW()-2,6)*11+INT((ROW()-2)/6)+2 -> 13 | BY3: {=IF(MOD(ROW()-2,6)=2,INDEX(Energy!$F:$F,$BX3),"")} | BZ3: {=INDEX(Energy!$B:$B,$BX3)} -> 2:4 | CA3: {=INDEX(Energy!$Q:$Q,$BX3)} -> 414.602 | CB3: {=INDEX(Energy!$R:$R,$BX3)} -> 69.518 | CE3: {=INDEX(Energy!$B:$B,$BX3)} -> 2:4 | CF3: {=INDEX(Energy!$N:$N,$BX3)} -> 108.686 | CG3: {=INDEX(Energy!$O:$O,$BX3)} -> 18.224 | CI3: ='Clock 300 vs 325'!A3 -> 2:4 | CJ3: =IF('Clock 300 vs 325'!H3="",NA(),'Clock 300 vs 325'!H3) -> 137.19 | CK3: =IF('Clock 300 vs 325'!I3="",NA(),'Clock 300 vs 325'!I3) -> 146.97 | CM3: ='Clock 300 vs 325'!A3 -> 2:4 | CN3: =IF('Clock 300 vs 325'!J3="",NA(),'Clock 300 vs 325'!J3) -> 68.6 | CO3: =IF('Clock 300 vs 325'!K3="",NA(),'Clock 300 vs 325'!K3) -> 73.48 | CQ3: ='Clock 300 vs 325'!A3 -> 2:4 | CR3: =IF('Clock 300 vs 325'!U3="",NA(),'Clock 300 vs 325'!U3) -> 1.0881 | CS3: ='Clock 300 vs 325'!Q3 -> 1.0833 | CU3: ='Clock 300 vs 325'!A3 -> 2:4 | CV3: =IF('Clock 300 vs 325'!AA3="",NA(),'Clock 300 vs 325'!AA3) -> 507.974 | CW3: =IF('Clock 300 vs 325'!AB3="",NA(),'Clock 300 vs 325'!AB3) -> 474.111 | CY3: ='Shapes 325'!D3 -> 768x768 | CZ3: ='Shapes 325'!Q3 -> 79.84 | DA3: ='Shapes 325'!Q15 -> 80.37 | DB3: ='Shapes 325'!Q27 -> 80.52 | DC3: ='Shapes 325'!Q39 -> 78.81 | DD3: ='Shapes 325'!Q51 -> 78.01 | DF3: ='Shapes 325'!D3 -> 768x768 | DG3: ='Shapes 325'!M3 -> 14.7746 | DH3: ='Shapes 325'!M15 -> 7.3385 | DI3: ='Shapes 325'!M27 -> 3.6626 | DJ3: ='Shapes 325'!M39 -> 1.871 | DK3: ='Shapes 325'!M51 -> 0.9451 | DL3: ='Shapes 325'!M63 -> 3.4472 | DN3: =MOD(ROW()-2,6)*11+INT((ROW()-2)/6)+2 -> 13 | DO3: {=IF(MOD(ROW()-2,6)=2,INDEX('Energy 325'!$F:$F,$DN3),"")} | DP3: {=INDEX('Energy 325'!$B:$B,$DN3)} -> 2:4 | DQ3: {=INDEX('Energy 325'!$Q:$Q,$DN3)} -> 375.417 | DR3: {=INDEX('Energy 325'!$R:$R,$DN3)} -> 72.545 | DU3: {=INDEX('Energy 325'!$B:$B,$DN3)} -> 2:4 | DV3: {=INDEX('Energy 325'!$N:$N,$DN3)} -> 98.413 | DW3: {=INDEX('Energy 325'!$O:$O,$DN3)} -> 19.017 | DY3: =Serpens!C3 -> G2 crankseg_2 | DZ3: =Serpens!K3 -> 2.351 | EA3: =Serpens!L3 -> 2.557 | EB3: 1 | ED3: =Serpens!C3 -> G2 crankseg_2 | EE3: =Serpens!M3 -> 0.533 | EF3: =Serpens!N3 -> 0.9687 | EG3: 1 | EI3: ='Diagonal CxB64'!A3 -> 2x32 | EJ3: ='Diagonal CxB64'!K3 -> 434.8 | EL3: ='Diagonal CxB64'!A3 -> 2x32 | EM3: ='Diagonal CxB64'!M3 -> 72083 | EN3: ='Diagonal CxB64'!O3 -> 84163 | EO3: ='Diagonal CxB64'!K3 -> 434.8 | EP3: =(ROW()-2)*3+2 -> 5 | EQ3: {=INDEX('Family AllPoints'!$B:$B,$EP3)} -> T=32 | ER3: {=INDEX('Family AllPoints'!$R:$R,$EP3)} -> 483.8 | ES3: {=INDEX('Family AllPoints'!$R:$R,$EP3+1)} -> 559.9 | ET3: {=INDEX('Family AllPoints'!$R:$R,$EP3+2)} -> 497.3 | EV3: ='Family Scaling'!B3 -> T=32 | EW3: ='Family Scaling'!G3 -> 256 | EX3: ='Family Scaling'!H3 -> 10 | EZ3: ='Family Scaling'!B3 -> T=32 | FA3: ='Family Scaling'!Z3 -> 3.58 | FB3: ='Family Scaling'!R3 -> 559.9
A4: =Shapes!C16 -> G3 | B4: =Shapes!S16 -> 1.9512 | C4: =Shapes!S28 -> 3.8724 | D4: =Shapes!S40 -> 7.7715 | E4: =Shapes!S52 -> 15.5015 | G4: ='avg3 comparison'!C4 -> 2:8 | H4: ='avg3 comparison'!S4 -> 273.6 | I4: ='avg3 comparison'!S10 -> 293.44 | K4: ='avg3 comparison'!C4 -> 2:8 | L4: ='avg3 comparison'!G4 -> 1048576 | M4: ='avg3 comparison'!K4 -> 7849.099 | P4: ='avg3 comparison'!C4 -> 2:8 | Q4: ='avg3 comparison'!AG4 -> 0.1336 | R4: ='avg3 comparison'!Z4 -> 0.5344 | U4: ='avg3 comparison'!C4 -> 2:8 | V4: ='avg3 comparison'!AD4 -> 0.9603 | W4: ='avg3 comparison'!AD10 -> 0.9562 | Y4: =Master!C15 -> 2:8 | Z4: =Master!AD15 -> 253.7 | AA4: =Master!AD16 -> 236 | AC4: =Master!C15 -> 2:8 | AD4: =Master!W15 -> 35.327 | AN4: =Shapes!D4 -> 1024x1024 | AO4: =Shapes!Q4 -> 75.48 | AP4: =Shapes!Q16 -> 73.64 | AQ4: =Shapes!Q28 -> 73.07 | AR4: =Shapes!Q40 -> 73.32 | AS4: =Shapes!Q52 -> 73.13 | AT4: =Shapes!P4 -> 75.48 | AU4: =Shapes!P16 -> 147.27 | AV4: =Shapes!P28 -> 292.28 | AW4: =Shapes!P40 -> 586.58 | AX4: =Shapes!P52 -> 1170.03 | AY4: =$BA$2 -> 76.8 | BC4: =AN4 -> 1024x1024 | BD4: =AO4 -> 75.48 | BE4: =AP4 -> 73.64 | BF4: =AQ4 -> 73.07 | BG4: =AR4 -> 73.32 | BH4: =AS4 -> 73.13 | BI4: =AY4 -> 76.8 | BK4: =Shapes!D4 -> 1024x1024 | BL4: =Shapes!M4 -> 27.7848 | BM4: =Shapes!M16 -> 14.2399 | BN4: =Shapes!M28 -> 7.175 | BO4: =Shapes!M40 -> 3.5752 | BP4: =Shapes!M52 -> 1.7924 | BQ4: =Shapes!M64 -> 6.4935 | BS4: =Energy!B4 -> dense | BT4: =Energy!F4 -> 1024x1024 | BU4: =Energy!Q4 -> 725.347 | BV4: =Energy!R4 -> 116.404 | BX4: =MOD(ROW()-2,6)*11+INT((ROW()-2)/6)+2 -> 24 | BY4: {=IF(MOD(ROW()-2,6)=2,INDEX(Energy!$F:$F,$BX4),"")} -> 512x512 | BZ4: {=INDEX(Energy!$B:$B,$BX4)} -> 2:8 | CA4: {=INDEX(Energy!$Q:$Q,$BX4)} -> 212.129 | CB4: {=INDEX(Energy!$R:$R,$BX4)} -> 36.862 | CE4: {=INDEX(Energy!$B:$B,$BX4)} -> 2:8 | CF4: {=INDEX(Energy!$N:$N,$BX4)} -> 55.608 | CG4: {=INDEX(Energy!$O:$O,$BX4)} -> 9.663 | CI4: ='Clock 300 vs 325'!A4 -> 2:8 | CJ4: =IF('Clock 300 vs 325'!H4="",NA(),'Clock 300 vs 325'!H4) -> 273.6 | CK4: =IF('Clock 300 vs 325'!I4="",NA(),'Clock 300 vs 325'!I4) -> 293.44 | CM4: ='Clock 300 vs 325'!A4 -> 2:8 | CN4: =IF('Clock 300 vs 325'!J4="",NA(),'Clock 300 vs 325'!J4) -> 68.4 | CO4: =IF('Clock 300 vs 325'!K4="",NA(),'Clock 300 vs 325'!K4) -> 73.36 | CQ4: ='Clock 300 vs 325'!A4 -> 2:8 | CR4: =IF('Clock 300 vs 325'!U4="",NA(),'Clock 300 vs 325'!U4) -> 1.0788 | CS4: ='Clock 300 vs 325'!Q4 -> 1.0833 | CU4: ='Clock 300 vs 325'!A4 -> 2:8 | CV4: =IF('Clock 300 vs 325'!AA4="",NA(),'Clock 300 vs 325'!AA4) -> 253.666 | CW4: =IF('Clock 300 vs 325'!AB4="",NA(),'Clock 300 vs 325'!AB4) -> 235.978 | CY4: ='Shapes 325'!D4 -> 1024x1024 | CZ4: ='Shapes 325'!Q4 -> 80.18 | DA4: ='Shapes 325'!Q16 -> 80.07 | DB4: ='Shapes 325'!Q28 -> 80.54 | DC4: ='Shapes 325'!Q40 -> 79.19 | DD4: ='Shapes 325'!Q52 -> 78.9 | DF4: ='Shapes 325'!D4 -> 1024x1024 | DG4: ='Shapes 325'!M4 -> 26.155 | DH4: ='Shapes 325'!M16 -> 13.095 | DI4: ='Shapes 325'!M28 -> 6.5098 | DJ4: ='Shapes 325'!M40 -> 3.3103 | DK4: ='Shapes 325'!M52 -> 1.6613 | DL4: ='Shapes 325'!M64 -> 5.9928 | DN4: =MOD(ROW()-2,6)*11+INT((ROW()-2)/6)+2 -> 24 | DO4: {=IF(MOD(ROW()-2,6)=2,INDEX('Energy 325'!$F:$F,$DN4),"")} -> 512x512 | DP4: {=INDEX('Energy 325'!$B:$B,$DN4)} -> 2:8 | DQ4: {=INDEX('Energy 325'!$Q:$Q,$DN4)} -> 190.631 | DR4: {=INDEX('Energy 325'!$R:$R,$DN4)} -> 33.419 | DU4: {=INDEX('Energy 325'!$B:$B,$DN4)} -> 2:8 | DV4: {=INDEX('Energy 325'!$N:$N,$DN4)} -> 49.973 | DW4: {=INDEX('Energy 325'!$O:$O,$DN4)} -> 8.761 | DY4: =Serpens!C4 -> G3 Si41Ge41H72 | DZ4: =Serpens!K4 -> 1.856 | EA4: =Serpens!L4 -> 2.019 | EB4: 1 | ED4: =Serpens!C4 -> G3 Si41Ge41H72 | EE4: =Serpens!M4 -> 0.6164 | EF4: =Serpens!N4 -> 0.9687 | EG4: 1 | EI4: ='Diagonal CxB64'!A4 -> 4x16 | EJ4: ='Diagonal CxB64'!K4 -> 410.2 | EL4: ='Diagonal CxB64'!A4 -> 4x16 | EM4: ='Diagonal CxB64'!M4 -> 73137 | EN4: ='Diagonal CxB64'!O4 -> 85216 | EO4: ='Diagonal CxB64'!K4 -> 410.2 | EP4: =(ROW()-2)*3+2 -> 8 | EQ4: {=INDEX('Family AllPoints'!$B:$B,$EP4)} -> T=48 | ER4: {=INDEX('Family AllPoints'!$R:$R,$EP4)} -> 485.7 | ES4: {=INDEX('Family AllPoints'!$R:$R,$EP4+1)} -> 464.5 | ET4: {=INDEX('Family AllPoints'!$R:$R,$EP4+2)} -> 501.8 | EV4: ='Family Scaling'!B4 -> T=48 | EW4: ='Family Scaling'!G4 -> 384 | EX4: ='Family Scaling'!H4 -> 13 | EZ4: ='Family Scaling'!B4 -> T=48 | FA4: ='Family Scaling'!Z4 -> 3.71 | FB4: ='Family Scaling'!R4 -> 501.8
A5: =Shapes!C17 -> G4 | B5: =Shapes!S17 -> 1.979 | C5: =Shapes!S29 -> 3.9334 | D5: =Shapes!S41 -> 7.8708 | E5: =Shapes!S53 -> 15.4823 | G5: ='avg3 comparison'!C5 -> 2:16 | H5: ='avg3 comparison'!S5 -> 542.92 | I5: ='avg3 comparison'!S11 -> 585.07 | K5: ='avg3 comparison'!C5 -> 2:16 | L5: ='avg3 comparison'!G5 -> 2097152 | M5: ='avg3 comparison'!K5 -> 7910.9 | P5: ='avg3 comparison'!C5 -> 2:16 | Q5: ='avg3 comparison'!AG5 -> 0.1325 | R5: ='avg3 comparison'!Z5 -> 1.0604 | U5: ='avg3 comparison'!C5 -> 2:16 | V5: ='avg3 comparison'!AD5 -> 0.9567 | W5: ='avg3 comparison'!AD11 -> 0.9578 | Y5: =Master!C17 -> 2:16 | Z5: =Master!AD17 -> 128.4 | AA5: =Master!AD18 -> 121.3 | AC5: =Master!C17 -> 2:16 | AD5: =Master!W17 -> 35.413 | AF5: Predicted total | AG5: =SUM(AG2:AK2) -> 7417.2 | AN5: =Shapes!D5 -> 3072x768 | AO5: =Shapes!Q5 -> 74.52 | AP5: =Shapes!Q17 -> 73.74 | AQ5: =Shapes!Q29 -> 73.28 | AR5: =Shapes!Q41 -> 73.32 | AS5: =Shapes!Q53 -> 72.11 | AT5: =Shapes!P5 -> 74.52 | AU5: =Shapes!P17 -> 147.48 | AV5: =Shapes!P29 -> 293.12 | AW5: =Shapes!P41 -> 586.55 | AX5: =Shapes!P53 -> 1153.79 | AY5: =$BA$2 -> 76.8 | BC5: =AN5 -> 3072x768 | BD5: =AO5 -> 74.52 | BE5: =AP5 -> 73.74 | BF5: =AQ5 -> 73.28 | BG5: =AR5 -> 73.32 | BH5: =AS5 -> 72.11 | BI5: =AY5 -> 76.8 | BK5: =Shapes!D5 -> 3072x768 | BL5: =Shapes!M5 -> 63.3179 | BM5: =Shapes!M17 -> 31.9946 | BN5: =Shapes!M29 -> 16.0976 | BO5: =Shapes!M41 -> 8.0447 | BP5: =Shapes!M53 -> 4.0897 | BQ5: =Shapes!M65 -> 14.7399 | BS5: =Energy!B5 -> dense | BT5: =Energy!F5 -> 3072x768 | BU5: =Energy!Q5 -> 734.653 | BV5: =Energy!R5 -> 117.898 | BX5: =MOD(ROW()-2,6)*11+INT((ROW()-2)/6)+2 -> 35 | BY5: {=IF(MOD(ROW()-2,6)=2,INDEX(Energy!$F:$F,$BX5),"")} | BZ5: {=INDEX(Energy!$B:$B,$BX5)} -> 2:16 | CA5: {=INDEX(Energy!$Q:$Q,$BX5)} -> 105.719 | CB5: {=INDEX(Energy!$R:$R,$BX5)} -> 19.075 | CE5: {=INDEX(Energy!$B:$B,$BX5)} -> 2:16 | CF5: {=INDEX(Energy!$N:$N,$BX5)} -> 27.714 | CG5: {=INDEX(Energy!$O:$O,$BX5)} -> 5.001 | CI5: ='Clock 300 vs 325'!A5 -> 2:16 | CJ5: =IF('Clock 300 vs 325'!H5="",NA(),'Clock 300 vs 325'!H5) -> 542.92 | CK5: =IF('Clock 300 vs 325'!I5="",NA(),'Clock 300 vs 325'!I5) -> 585.07 | CM5: ='Clock 300 vs 325'!A5 -> 2:16 | CN5: =IF('Clock 300 vs 325'!J5="",NA(),'Clock 300 vs 325'!J5) -> 67.86 | CO5: =IF('Clock 300 vs 325'!K5="",NA(),'Clock 300 vs 325'!K5) -> 73.13 | CQ5: ='Clock 300 vs 325'!A5 -> 2:16 | CR5: =IF('Clock 300 vs 325'!U5="",NA(),'Clock 300 vs 325'!U5) -> 1.0783 | CS5: ='Clock 300 vs 325'!Q5 -> 1.0833 | CU5: ='Clock 300 vs 325'!A5 -> 2:16 | CV5: =IF('Clock 300 vs 325'!AA5="",NA(),'Clock 300 vs 325'!AA5) -> 128.371 | CW5: =IF('Clock 300 vs 325'!AB5="",NA(),'Clock 300 vs 325'!AB5) -> 121.31 | CY5: ='Shapes 325'!D5 -> 3072x768 | CZ5: ='Shapes 325'!Q5 -> 79.76 | DA5: ='Shapes 325'!Q17 -> 80.18 | DB5: ='Shapes 325'!Q29 -> 79.93 | DC5: ='Shapes 325'!Q41 -> 79.62 | DD5: ='Shapes 325'!Q53 -> 78.01 | DF5: ='Shapes 325'!D5 -> 3072x768 | DG5: ='Shapes 325'!M5 -> 59.1612 | DH5: ='Shapes 325'!M17 -> 29.4236 | DI5: ='Shapes 325'!M29 -> 14.759 | DJ5: ='Shapes 325'!M41 -> 7.4078 | DK5: ='Shapes 325'!M53 -> 3.7804 | DL5: ='Shapes 325'!M65 -> 13.8159 | DN5: =MOD(ROW()-2,6)*11+INT((ROW()-2)/6)+2 -> 35 | DO5: {=IF(MOD(ROW()-2,6)=2,INDEX('Energy 325'!$F:$F,$DN5),"")} | DP5: {=INDEX('Energy 325'!$B:$B,$DN5)} -> 2:16 | DQ5: {=INDEX('Energy 325'!$Q:$Q,$DN5)} -> 96.003 | DR5: {=INDEX('Energy 325'!$R:$R,$DN5)} -> 18.701 | DU5: {=INDEX('Energy 325'!$B:$B,$DN5)} -> 2:16 | DV5: {=INDEX('Energy 325'!$N:$N,$DN5)} -> 25.166 | DW5: {=INDEX('Energy 325'!$O:$O,$DN5)} -> 4.902 | DY5: =Serpens!C5 -> G4 TSOPF_RS_b2383 | DZ5: =Serpens!K5 -> 1.631 | EA5: =Serpens!L5 -> 1.774 | EB5: 1 | ED5: =Serpens!C5 -> G4 TSOPF_RS_b2383 | EE5: =Serpens!M5 -> 0.7758 | EF5: =Serpens!N5 -> 0.9687 | EG5: 1 | EI5: ='Diagonal CxB64'!A5 -> 8x8 | EJ5: ='Diagonal CxB64'!K5 -> 443.5 | EL5: ='Diagonal CxB64'!A5 -> 8x8 | EM5: ='Diagonal CxB64'!M5 -> 75168 | EN5: ='Diagonal CxB64'!O5 -> 87181 | EO5: ='Diagonal CxB64'!K5 -> 443.5 | EP5: =(ROW()-2)*3+2 -> 11 | EQ5: {=INDEX('Family AllPoints'!$B:$B,$EP5)} -> T=64 | ER5: {=INDEX('Family AllPoints'!$R:$R,$EP5)} -> 448.2 | ES5: {=INDEX('Family AllPoints'!$R:$R,$EP5+1)} -> 448.6 | ET5: {=INDEX('Family AllPoints'!$R:$R,$EP5+2)} -> 384.3 | EV5: ='Family Scaling'!B5 -> T=64 | EW5: ='Family Scaling'!G5 -> 512 | EX5: ='Family Scaling'!H5 -> 17 | EZ5: ='Family Scaling'!B5 -> T=64 | FA5: ='Family Scaling'!Z5 -> 3.38 | FB5: ='Family Scaling'!R5 -> 448.6
A6: =Shapes!C18 -> G5 | B6: =Shapes!S18 -> 2.0023 | C6: =Shapes!S30 -> 4.0073 | D6: =Shapes!S42 -> 8.0742 | E6: =Shapes!S54 -> 16.1916 | G6: ='avg3 comparison'!C6 -> 2:32 | H6: ='avg3 comparison'!S6 -> 1073.04 | I6: ='avg3 comparison'!S12 -> 1143.51 | K6: ='avg3 comparison'!C6 -> 2:32 | L6: ='avg3 comparison'!G6 -> 4194304 | M6: ='avg3 comparison'!K6 -> 8005.26 | P6: ='avg3 comparison'!C6 -> 2:32 | Q6: ='avg3 comparison'!AG6 -> 0.131 | R6: ='avg3 comparison'!Z6 -> 2.0958 | U6: ='avg3 comparison'!C6 -> 2:32 | V6: ='avg3 comparison'!AD6 -> 0.955 | W6: ='avg3 comparison'!AD12 -> 0.9453 | Y6: =Master!C19 -> 2:32 | Z6: =Master!AD19 -> 65.1 | AA6: =Master!AD20 -> 61.4 | AC6: =Master!C19 -> 2:32 | AD6: =Master!W19 -> 35.521 | AN6: =Shapes!D6 -> 768x3072 | AO6: =Shapes!Q6 -> 73.94 | AP6: =Shapes!Q18 -> 74.03 | AQ6: =Shapes!Q30 -> 74.08 | AR6: =Shapes!Q42 -> 74.63 | AS6: =Shapes!Q54 -> 74.83 | AT6: =Shapes!P6 -> 73.94 | AU6: =Shapes!P18 -> 148.06 | AV6: =Shapes!P30 -> 296.31 | AW6: =Shapes!P42 -> 597.04 | AX6: =Shapes!P54 -> 1197.28 | AY6: =$BA$2 -> 76.8 | BC6: =AN6 -> 768x3072 | BD6: =AO6 -> 73.94 | BE6: =AP6 -> 74.03 | BF6: =AQ6 -> 74.08 | BG6: =AR6 -> 74.63 | BH6: =AS6 -> 74.83 | BI6: =AY6 -> 76.8 | BK6: =Shapes!D6 -> 768x3072 | BL6: =Shapes!M6 -> 63.8128 | BM6: =Shapes!M18 -> 31.8702 | BN6: =Shapes!M30 -> 15.9243 | BO6: =Shapes!M42 -> 7.9033 | BP6: =Shapes!M54 -> 3.9411 | BQ6: =Shapes!M66 -> 14.71 | BS6: =Energy!B6 -> dense | BT6: =Energy!F6 -> 768x3072 | BU6: =Energy!Q6 -> 740.395 | BV6: =Energy!R6 -> 118.819 | BX6: =MOD(ROW()-2,6)*11+INT((ROW()-2)/6)+2 -> 46 | BY6: {=IF(MOD(ROW()-2,6)=2,INDEX(Energy!$F:$F,$BX6),"")} | BZ6: {=INDEX(Energy!$B:$B,$BX6)} -> 2:32 | CA6: {=INDEX(Energy!$Q:$Q,$BX6)} -> 54.13 | CB6: {=INDEX(Energy!$R:$R,$BX6)} -> 9.646 | CE6: {=INDEX(Energy!$B:$B,$BX6)} -> 2:32 | CF6: {=INDEX(Energy!$N:$N,$BX6)} -> 14.19 | CG6: {=INDEX(Energy!$O:$O,$BX6)} -> 2.529 | CI6: ='Clock 300 vs 325'!A6 -> 2:32 | CJ6: =IF('Clock 300 vs 325'!H6="",NA(),'Clock 300 vs 325'!H6) -> 1073.04 | CK6: =IF('Clock 300 vs 325'!I6="",NA(),'Clock 300 vs 325'!I6) -> 1143.51 | CM6: ='Clock 300 vs 325'!A6 -> 2:32 | CN6: =IF('Clock 300 vs 325'!J6="",NA(),'Clock 300 vs 325'!J6) -> 67.06 | CO6: =IF('Clock 300 vs 325'!K6="",NA(),'Clock 300 vs 325'!K6) -> 71.47 | CQ6: ='Clock 300 vs 325'!A6 -> 2:32 | CR6: =IF('Clock 300 vs 325'!U6="",NA(),'Clock 300 vs 325'!U6) -> 1.0843 | CS6: ='Clock 300 vs 325'!Q6 -> 1.0833 | CU6: ='Clock 300 vs 325'!A6 -> 2:32 | CV6: =IF('Clock 300 vs 325'!AA6="",NA(),'Clock 300 vs 325'!AA6) -> 65.126 | CW6: =IF('Clock 300 vs 325'!AB6="",NA(),'Clock 300 vs 325'!AB6) -> 61.447 | CY6: ='Shapes 325'!D6 -> 768x3072 | CZ6: ='Shapes 325'!Q6 -> 79.64 | DA6: ='Shapes 325'!Q18 -> 81.28 | DB6: ='Shapes 325'!Q30 -> 79.84 | DC6: ='Shapes 325'!Q42 -> 79.71 | DD6: ='Shapes 325'!Q54 -> 80.32 | DF6: ='Shapes 325'!D6 -> 768x3072 | DG6: ='Shapes 325'!M6 -> 59.2473 | DH6: ='Shapes 325'!M18 -> 29.0261 | DI6: ='Shapes 325'!M30 -> 14.7753 | DJ6: ='Shapes 325'!M42 -> 7.3992 | DK6: ='Shapes 325'!M54 -> 3.6716 | DL6: ='Shapes 325'!M66 -> 13.8325 | DN6: =MOD(ROW()-2,6)*11+INT((ROW()-2)/6)+2 -> 46 | DO6: {=IF(MOD(ROW()-2,6)=2,INDEX('Energy 325'!$F:$F,$DN6),"")} | DP6: {=INDEX('Energy 325'!$B:$B,$DN6)} -> 2:32 | DQ6: {=INDEX('Energy 325'!$Q:$Q,$DN6)} -> 49.576 | DR6: {=INDEX('Energy 325'!$R:$R,$DN6)} -> 9.809 | DU6: {=INDEX('Energy 325'!$B:$B,$DN6)} -> 2:32 | DV6: {=INDEX('Energy 325'!$N:$N,$DN6)} -> 12.996 | DW6: {=INDEX('Energy 325'!$O:$O,$DN6)} -> 2.571 | DY6: =Serpens!C6 -> G5 ML_Laplace | DZ6: =Serpens!K6 -> 1.565 | EA6: =Serpens!L6 -> 1.703 | EB6: 1 | ED6: =Serpens!C6 -> G5 ML_Laplace | EE6: =Serpens!M6 -> 0.7041 | EF6: =Serpens!N6 -> 0.9687 | EG6: 1 | EI6: ='Diagonal CxB64'!A6 -> 16x4 | EJ6: ='Diagonal CxB64'!K6 -> 417.5 | EL6: ='Diagonal CxB64'!A6 -> 16x4 | EM6: ='Diagonal CxB64'!M6 -> 79303 | EN6: ='Diagonal CxB64'!O6 -> 87239 | EO6: ='Diagonal CxB64'!K6 -> 417.5 | EP6: =(ROW()-2)*3+2 -> 14 | EQ6: {=INDEX('Family AllPoints'!$B:$B,$EP6)} -> T=96 | ER6: {=INDEX('Family AllPoints'!$R:$R,$EP6)} -> 407.3 | ES6: {=INDEX('Family AllPoints'!$R:$R,$EP6+1)} -> 358.3 | ET6: {=INDEX('Family AllPoints'!$R:$R,$EP6+2)} -> 378.1 | EV6: ='Family Scaling'!B6 -> T=96 | EW6: ='Family Scaling'!G6 -> 768 | EX6: ='Family Scaling'!H6 -> 24 | EZ6: ='Family Scaling'!B6 -> T=96 | FA6: ='Family Scaling'!Z6 -> 3.26 | FB6: ='Family Scaling'!R6 -> 407.3
A7: =Shapes!C19 -> G6 | B7: =Shapes!S19 -> 2.0195 | C7: =Shapes!S31 -> 3.9889 | D7: =Shapes!S43 -> 7.9566 | E7: =Shapes!S55 -> 15.7603 | G7: ='avg3 comparison'!C7 -> MIXED | H7: ='avg3 comparison'!S7 -> 288.45 | I7: ='avg3 comparison'!S13 -> 310.43 | P7: ='avg3 comparison'!C7 -> MIXED | Q7: ='avg3 comparison'!AG7 -> 0.1321 | R7: ='avg3 comparison'!Z7 -> 0.5634 | U7: ='avg3 comparison'!C7 -> MIXED | V7: ='avg3 comparison'!AD7 -> 0.9693 | W7: ='avg3 comparison'!AD13 -> 0.9704 | AN7: =Shapes!D7 -> 4096x1024 | AO7: =Shapes!Q7 -> 73.85 | AP7: =Shapes!Q19 -> 74.57 | AQ7: =Shapes!Q31 -> 73.64 | AR7: =Shapes!Q43 -> 73.45 | AS7: =Shapes!Q55 -> 72.74 | AT7: =Shapes!P7 -> 73.85 | AU7: =Shapes!P19 -> 149.13 | AV7: =Shapes!P31 -> 294.57 | AW7: =Shapes!P43 -> 587.58 | AX7: =Shapes!P55 -> 1163.86 | AY7: =$BA$2 -> 76.8 | BC7: =AN7 -> 4096x1024 | BD7: =AO7 -> 73.85 | BE7: =AP7 -> 74.57 | BF7: =AQ7 -> 73.64 | BG7: =AR7 -> 73.45 | BH7: =AS7 -> 72.74 | BI7: =AY7 -> 76.8 | BK7: =Shapes!D7 -> 4096x1024 | BL7: =Shapes!M7 -> 113.5937 | BM7: =Shapes!M19 -> 56.2487 | BN7: =Shapes!M31 -> 28.4773 | BO7: =Shapes!M43 -> 14.2766 | BP7: =Shapes!M55 -> 7.2076 | BQ7: =Shapes!M67 -> 26.3139 | BS7: =Energy!B7 -> dense | BT7: =Energy!F7 -> 4096x1024 | BU7: =Energy!Q7 -> 741.366 | BV7: =Energy!R7 -> 118.975 | BX7: =MOD(ROW()-2,6)*11+INT((ROW()-2)/6)+2 -> 57 | BY7: {=IF(MOD(ROW()-2,6)=2,INDEX(Energy!$F:$F,$BX7),"")} | BZ7: {=INDEX(Energy!$B:$B,$BX7)} -> MIXED | CA7: {=INDEX(Energy!$Q:$Q,$BX7)} -> 191.559 | CB7: {=INDEX(Energy!$R:$R,$BX7)} -> 36.34 | CE7: {=INDEX(Energy!$B:$B,$BX7)} -> MIXED | CF7: {=INDEX(Energy!$N:$N,$BX7)} -> 50.216 | CG7: {=INDEX(Energy!$O:$O,$BX7)} -> 9.526 | CI7: ='Clock 300 vs 325'!A7 -> MIXED | CJ7: =IF('Clock 300 vs 325'!H7="",NA(),'Clock 300 vs 325'!H7) -> 288.45 | CK7: =IF('Clock 300 vs 325'!I7="",NA(),'Clock 300 vs 325'!I7) -> 310.43 | CM7: ='Clock 300 vs 325'!A7 -> MIXED | CN7: =IF('Clock 300 vs 325'!J7="",NA(),'Clock 300 vs 325'!J7) -> 67.61 | CO7: =IF('Clock 300 vs 325'!K7="",NA(),'Clock 300 vs 325'!K7) -> 72.76 | CQ7: ='Clock 300 vs 325'!A7 -> MIXED | CR7: =IF('Clock 300 vs 325'!U7="",NA(),'Clock 300 vs 325'!U7) -> 1.0657 | CS7: ='Clock 300 vs 325'!Q7 -> 1.0833 | CU7: ='Clock 300 vs 325'!A7 -> MIXED | CV7: =IF('Clock 300 vs 325'!AA7="",NA(),'Clock 300 vs 325'!AA7) -> 236.758 | CW7: =IF('Clock 300 vs 325'!AB7="",NA(),'Clock 300 vs 325'!AB7) -> 224.809 | CY7: ='Shapes 325'!D7 -> 4096x1024 | CZ7: ='Shapes 325'!Q7 -> 79.84 | DA7: ='Shapes 325'!Q19 -> 80.56 | DB7: ='Shapes 325'!Q31 -> 79.51 | DC7: ='Shapes 325'!Q43 -> 79.94 | DD7: ='Shapes 325'!Q55 -> 78.79 | DF7: ='Shapes 325'!D7 -> 4096x1024 | DG7: ='Shapes 325'!M7 -> 105.0663 | DH7: ='Shapes 325'!M19 -> 52.0665 | DI7: ='Shapes 325'!M31 -> 26.3753 | DJ7: ='Shapes 325'!M43 -> 13.117 | DK7: ='Shapes 325'!M55 -> 6.6542 | DL7: ='Shapes 325'!M67 -> 24.3049 | DN7: =MOD(ROW()-2,6)*11+INT((ROW()-2)/6)+2 -> 57 | DO7: {=IF(MOD(ROW()-2,6)=2,INDEX('Energy 325'!$F:$F,$DN7),"")} | DP7: {=INDEX('Energy 325'!$B:$B,$DN7)} -> MIXED | DQ7: {=INDEX('Energy 325'!$Q:$Q,$DN7)} -> 176.306 | DR7: {=INDEX('Energy 325'!$R:$R,$DN7)} -> 31.871 | DU7: {=INDEX('Energy 325'!$B:$B,$DN7)} -> MIXED | DV7: {=INDEX('Energy 325'!$N:$N,$DN7)} -> 46.218 | DW7: {=INDEX('Energy 325'!$O:$O,$DN7)} -> 8.355 | DY7: =Serpens!C7 -> G6 mouse_gene | DZ7: =Serpens!K7 -> 1.731 | EA7: =Serpens!L7 -> 1.882 | EB7: 1 | ED7: =Serpens!C7 -> G6 mouse_gene | EE7: =Serpens!M7 -> 0.7391 | EF7: =Serpens!N7 -> 0.9687 | EG7: 1 | EI7: ='Diagonal CxB64'!A7 -> 32x2 | EJ7: ='Diagonal CxB64'!K7 -> 397.6 | EL7: ='Diagonal CxB64'!A7 -> 32x2 | EM7: ='Diagonal CxB64'!M7 -> 87643 | EN7: ='Diagonal CxB64'!O7 -> 95603 | EO7: ='Diagonal CxB64'!K7 -> 397.6 | EP7: =(ROW()-2)*3+2 -> 17 | EQ7: {=INDEX('Family AllPoints'!$B:$B,$EP7)} -> T=128 | ER7: {=INDEX('Family AllPoints'!$R:$R,$EP7)} -> 355.4 | ES7: {=INDEX('Family AllPoints'!$R:$R,$EP7+1)} -> 345.2 | ET7: {=INDEX('Family AllPoints'!$R:$R,$EP7+2)} -> 352.2 | EV7: ='Family Scaling'!B7 -> T=128 | EW7: ='Family Scaling'!G7 -> 1024 | EX7: ='Family Scaling'!H7 -> 32 | EZ7: ='Family Scaling'!B7 -> T=128 | FA7: ='Family Scaling'!Z7 -> 2.84 | FB7: ='Family Scaling'!R7 -> 355.4
A8: =Shapes!C20 -> G7 | B8: =Shapes!S20 -> 1.9978 | C8: =Shapes!S32 -> 3.9829 | D8: =Shapes!S44 -> 7.9751 | E8: =Shapes!S56 -> 16.0367 | AN8: =Shapes!D8 -> 1024x4096 | AO8: =Shapes!Q8 -> 74.2 | AP8: =Shapes!Q20 -> 74.12 | AQ8: =Shapes!Q32 -> 73.88 | AR8: =Shapes!Q44 -> 73.97 | AS8: =Shapes!Q56 -> 74.37 | AT8: =Shapes!P8 -> 74.2 | AU8: =Shapes!P20 -> 148.23 | AV8: =Shapes!P32 -> 295.52 | AW8: =Shapes!P44 -> 591.73 | AX8: =Shapes!P56 -> 1189.87 | AY8: =$BA$2 -> 76.8 | BC8: =AN8 -> 1024x4096 | BD8: =AO8 -> 74.2 | BE8: =AP8 -> 74.12 | BF8: =AQ8 -> 73.88 | BG8: =AR8 -> 73.97 | BH8: =AS8 -> 74.37 | BI8: =AY8 -> 76.8 | BK8: =Shapes!D8 -> 1024x4096 | BL8: =Shapes!M8 -> 113.0586 | BM8: =Shapes!M20 -> 56.5902 | BN8: =Shapes!M32 -> 28.3859 | BO8: =Shapes!M44 -> 14.1765 | BP8: =Shapes!M56 -> 7.05 | BQ8: =Shapes!M68 -> 26.0928 | BS8: =Energy!B8 -> dense | BT8: =Energy!F8 -> 1024x4096 | BU8: =Energy!Q8 -> 737.874 | BV8: =Energy!R8 -> 118.415 | BX8: =MOD(ROW()-2,6)*11+INT((ROW()-2)/6)+2 -> 3 | BY8: {=IF(MOD(ROW()-2,6)=2,INDEX(Energy!$F:$F,$BX8),"")} | BZ8: {=INDEX(Energy!$B:$B,$BX8)} -> dense | CA8: {=INDEX(Energy!$Q:$Q,$BX8)} -> 744.238 | CB8: {=INDEX(Energy!$R:$R,$BX8)} -> 119.436 | CD8: 768x768 | CE8: {=INDEX(Energy!$B:$B,$BX8)} -> dense | CF8: {=INDEX(Energy!$N:$N,$BX8)} -> 438.969 | CG8: {=INDEX(Energy!$O:$O,$BX8)} -> 70.446 | CY8: ='Shapes 325'!D8 -> 1024x4096 | CZ8: ='Shapes 325'!Q8 -> 79.76 | DA8: ='Shapes 325'!Q20 -> 80.52 | DB8: ='Shapes 325'!Q32 -> 80.13 | DC8: ='Shapes 325'!Q44 -> 81.6 | DD8: ='Shapes 325'!Q56 -> 81.42 | DF8: ='Shapes 325'!D8 -> 1024x4096 | DG8: ='Shapes 325'!M8 -> 105.1784 | DH8: ='Shapes 325'!M20 -> 52.0878 | DI8: ='Shapes 325'!M32 -> 26.1713 | DJ8: ='Shapes 325'!M44 -> 12.8501 | DK8: ='Shapes 325'!M56 -> 6.439 | DL8: ='Shapes 325'!M68 -> 24.1028 | DN8: =MOD(ROW()-2,6)*11+INT((ROW()-2)/6)+2 -> 3 | DO8: {=IF(MOD(ROW()-2,6)=2,INDEX('Energy 325'!$F:$F,$DN8),"")} | DP8: {=INDEX('Energy 325'!$B:$B,$DN8)} -> dense | DQ8: {=INDEX('Energy 325'!$Q:$Q,$DN8)} -> 678.256 | DR8: {=INDEX('Energy 325'!$R:$R,$DN8)} -> 116.403 | DT8: 768x768 | DU8: {=INDEX('Energy 325'!$B:$B,$DN8)} -> dense | DV8: {=INDEX('Energy 325'!$N:$N,$DN8)} -> 400.052 | DW8: {=INDEX('Energy 325'!$O:$O,$DN8)} -> 68.658 | DY8: =Serpens!C8 -> G7 soc_pokec | DZ8: =Serpens!K8 -> 4.376 | EA8: =Serpens!L8 -> 4.76 | EB8: 1 | ED8: =Serpens!C8 -> G7 soc_pokec | EE8: =Serpens!M8 -> 0.2376 | EF8: =Serpens!N8 -> 0.9687 | EG8: 1 | EI8: ='Diagonal CxB64'!A8 -> 64x1 | EJ8: ='Diagonal CxB64'!K8 -> 376.9 | EL8: ='Diagonal CxB64'!A8 -> 64x1 | EM8: ='Diagonal CxB64'!M8 -> 104041 | EN8: ='Diagonal CxB64'!O8 -> 112043 | EO8: ='Diagonal CxB64'!K8 -> 376.9
A9: =Shapes!C21 -> G8 | B9: =Shapes!S21 -> 1.9746 | C9: =Shapes!S33 -> 3.963 | D9: =Shapes!S45 -> 8.0018 | E9: =Shapes!S57 -> 15.8258 | G9: CHART 2 — GFLOPS_effective by sparsity & clock (avg3 comparison) | K9: CHART 3 — 300 MHz only, MIXED excluded | P9: CHART 4 — 300 MHz only | U9: CHART 5 — dsp_occupancy_compute | Y9: CHART 6 — Master, estimator = power_soak only | AC9: CHART 7 — Master, power_soak AND 300 MHz | AF9: CHART 8 — segments from row_type=segment; overhead = implied_overhead_us; measured = kernel_span_us (row_type=summary) | AN9: =Shapes!D9 -> 2048x2048 | AO9: =Shapes!Q9 -> 74.45 | AP9: =Shapes!Q21 -> 73.51 | AQ9: =Shapes!Q33 -> 73.77 | AR9: =Shapes!Q45 -> 74.47 | AS9: =Shapes!Q57 -> 73.64 | AT9: =Shapes!P9 -> 74.45 | AU9: =Shapes!P21 -> 147.02 | AV9: =Shapes!P33 -> 295.06 | AW9: =Shapes!P45 -> 595.76 | AX9: =Shapes!P57 -> 1178.3 | AY9: =$BA$2 -> 76.8 | BC9: =AN9 -> 2048x2048 | BD9: =AO9 -> 74.45 | BE9: =AP9 -> 73.51 | BF9: =AQ9 -> 73.77 | BG9: =AR9 -> 74.47 | BH9: =AS9 -> 73.64 | BI9: =AY9 -> 76.8 | BK9: =Shapes!D9 -> 2048x2048 | BL9: =Shapes!M9 -> 112.6688 | BM9: =Shapes!M21 -> 57.058 | BN9: =Shapes!M33 -> 28.4299 | BO9: =Shapes!M45 -> 14.0804 | BP9: =Shapes!M57 -> 7.1193 | BQ9: =Shapes!M69 -> 26.2266 | BS9: =Energy!B9 -> dense | BT9: =Energy!F9 -> 2048x2048 | BU9: =Energy!Q9 -> 735.33 | BV9: =Energy!R9 -> 118.006 | BX9: =MOD(ROW()-2,6)*11+INT((ROW()-2)/6)+2 -> 14 | BY9: {=IF(MOD(ROW()-2,6)=2,INDEX(Energy!$F:$F,$BX9),"")} | BZ9: {=INDEX(Energy!$B:$B,$BX9)} -> 2:4 | CA9: {=INDEX(Energy!$Q:$Q,$BX9)} -> 411.763 | CB9: {=INDEX(Energy!$R:$R,$BX9)} -> 69.042 | CE9: {=INDEX(Energy!$B:$B,$BX9)} -> 2:4 | CF9: {=INDEX(Energy!$N:$N,$BX9)} -> 242.868 | CG9: {=INDEX(Energy!$O:$O,$BX9)} -> 40.723 | CY9: ='Shapes 325'!D9 -> 2048x2048 | CZ9: ='Shapes 325'!Q9 -> 79.75 | DA9: ='Shapes 325'!Q21 -> 80.68 | DB9: ='Shapes 325'!Q33 -> 80.28 | DC9: ='Shapes 325'!Q45 -> 80.18 | DD9: ='Shapes 325'!Q57 -> 80.59 | DF9: ='Shapes 325'!D9 -> 2048x2048 | DG9: ='Shapes 325'!M9 -> 105.1802 | DH9: ='Shapes 325'!M21 -> 51.9901 | DI9: ='Shapes 325'!M33 -> 26.1236 | DJ9: ='Shapes 325'!M45 -> 13.0774 | DK9: ='Shapes 325'!M57 -> 6.506 | DL9: ='Shapes 325'!M69 -> 24.3017 | DN9: =MOD(ROW()-2,6)*11+INT((ROW()-2)/6)+2 -> 14 | DO9: {=IF(MOD(ROW()-2,6)=2,INDEX('Energy 325'!$F:$F,$DN9),"")} | DP9: {=INDEX('Energy 325'!$B:$B,$DN9)} -> 2:4 | DQ9: {=INDEX('Energy 325'!$Q:$Q,$DN9)} -> 375.308 | DR9: {=INDEX('Energy 325'!$R:$R,$DN9)} -> 72.524 | DU9: {=INDEX('Energy 325'!$B:$B,$DN9)} -> 2:4 | DV9: {=INDEX('Energy 325'!$N:$N,$DN9)} -> 221.366 | DW9: {=INDEX('Energy 325'!$O:$O,$DN9)} -> 42.776 | DY9: =Serpens!C9 -> G8 coPapersCiteseer | DZ9: =Serpens!K9 -> 2.145 | EA9: =Serpens!L9 -> 2.333 | EB9: 1 | ED9: =Serpens!C9 -> G8 coPapersCiteseer | EE9: =Serpens!M9 -> 0.5369 | EF9: =Serpens!N9 -> 0.9687 | EG9: 1
